/*
 * Original Font License:
 * ------------------------------------------------------------
 * Copyright 2024 The Montserrat.Git Project Authors (https://github.com/JulietaUla/Montserrat.git).
 * This Font Software is licensed under the SIL Open Font License, Version 1.1.
 * And is also available with a FAQ at: http://scripts.sil.org/OFL
 * ------------------------------------------------------------
 *
 * This file was automatically generated by GUI Guider (NXP Semiconductors):
 * ------------------------------------------------------------
 * Conversion Tool : GUI Guider
 * Vendor          : NXP Semiconductors
 * Version         : 2.0.0
 * Generated on    : 2026/8/26
 * Purpose         : Convert font file into C source code for embedded GUI usage.
 *
 * Disclaimer:
 * This generated file is derived from the original font file and
 * retains its original license terms. Ensure compliance with the
 * font license when using this file in your application.
 * ------------------------------------------------------------
 *//*******************************************************************************
 * Size: 20 px
 * Bpp: 8
 * Opts: undefined
 ******************************************************************************/

#ifdef __has_include
    #if __has_include("lvgl.h")
        #ifndef LV_LVGL_H_INCLUDE_SIMPLE
            #define LV_LVGL_H_INCLUDE_SIMPLE
        #endif
    #endif
#endif

#ifdef LV_LVGL_H_INCLUDE_SIMPLE
    #include "lvgl.h"
#else
    #include "lvgl.h"
#endif

#if !LV_VERSION_CHECK(9, 3, 0)
#error "At least LVGL v9.3 is required to use the stride attribute of the fonts"
#endif

#ifndef LV_FONT_MONTSERRATMEDIUM_20
#define LV_FONT_MONTSERRATMEDIUM_20 1
#endif

#if LV_FONT_MONTSERRATMEDIUM_20

/*-----------------
 *    BITMAPS
 *----------------*/

/*Store the image of the glyphs*/
static LV_ATTRIBUTE_MEM_ALIGN LV_ATTRIBUTE_LARGE_CONST const uint8_t glyph_bitmap[] = {
    /* U+0020 " " */

    /* U+0030 "0" */
    0x00, 0x00, 0x00, 0x16, 0x8c, 0xdd, 0xfc, 0xed, 0xb0, 0x3a, 0x00, 0x00, 0x00, 0x00, 0x00, 0x00,
    0x00, 0x00, 0x2b, 0xe8, 0xff, 0xfa, 0xd9, 0xee, 0xff, 0xfe, 0x70, 0x00, 0x00, 0x00, 0x00, 0x00,
    0x00, 0x07, 0xdb, 0xff, 0xa0, 0x11, 0x00, 0x02, 0x5d, 0xf8, 0xfe, 0x3e, 0x00, 0x00, 0x00, 0x00,
    0x00, 0x69, 0xff, 0xc2, 0x02, 0x00, 0x00, 0x00, 0x00, 0x6d, 0xff, 0xc1, 0x00, 0x00, 0x00, 0x00,
    0x00, 0xc0, 0xff, 0x4f, 0x00, 0x00, 0x00, 0x00, 0x00, 0x07, 0xf2, 0xff, 0x15, 0x00, 0x00, 0x00,
    0x00, 0xf0, 0xff, 0x12, 0x00, 0x00, 0x00, 0x00, 0x00, 0x00, 0xbf, 0xff, 0x45, 0x00, 0x00, 0x00,
    0x07, 0xff, 0xf8, 0x00, 0x00, 0x00, 0x00, 0x00, 0x00, 0x00, 0xa4, 0xff, 0x5b, 0x00, 0x00, 0x00,
    0x07, 0xff, 0xf8, 0x00, 0x00, 0x00, 0x00, 0x00, 0x00, 0x00, 0xa4, 0xff, 0x5b, 0x00, 0x00, 0x00,
    0x00, 0xf0, 0xff, 0x12, 0x00, 0x00, 0x00, 0x00, 0x00, 0x00, 0xbf, 0xff, 0x45, 0x00, 0x00, 0x00,
    0x00, 0xc0, 0xff, 0x4f, 0x00, 0x00, 0x00, 0x00, 0x00, 0x08, 0xf3, 0xff, 0x15, 0x00, 0x00, 0x00,
    0x00, 0x69, 0xff, 0xc5, 0x02, 0x00, 0x00, 0x00, 0x00, 0x6e, 0xff, 0xc0, 0x00, 0x00, 0x00, 0x00,
    0x00, 0x07, 0xda, 0xff, 0xa2, 0x13, 0x00, 0x03, 0x5f, 0xf8, 0xfe, 0x3c, 0x00, 0x00, 0x00, 0x00,
    0x00, 0x00, 0x2a, 0xe5, 0xff, 0xfb, 0xdd, 0xf0, 0xff, 0xfd, 0x6b, 0x00, 0x00, 0x00, 0x00, 0x00,
    0x00, 0x00, 0x00, 0x15, 0x8c, 0xdd, 0xfc, 0xed, 0xaf, 0x3a, 0x00, 0x00, 0x00, 0x00, 0x00, 0x00,

    /* U+0031 "1" */
    0xd8, 0xff, 0xff, 0xff, 0xff, 0x4c, 0x00, 0x00, 0x00, 0x00, 0x00, 0x00, 0x00, 0x00, 0x00, 0x00,
    0xac, 0xcc, 0xcc, 0xf2, 0xff, 0x4c, 0x00, 0x00, 0x00, 0x00, 0x00, 0x00, 0x00, 0x00, 0x00, 0x00,
    0x00, 0x00, 0x00, 0xb0, 0xff, 0x4c, 0x00, 0x00, 0x00, 0x00, 0x00, 0x00, 0x00, 0x00, 0x00, 0x00,
    0x00, 0x00, 0x00, 0xb0, 0xff, 0x4c, 0x00, 0x00, 0x00, 0x00, 0x00, 0x00, 0x00, 0x00, 0x00, 0x00,
    0x00, 0x00, 0x00, 0xb0, 0xff, 0x4c, 0x00, 0x00, 0x00, 0x00, 0x00, 0x00, 0x00, 0x00, 0x00, 0x00,
    0x00, 0x00, 0x00, 0xb0, 0xff, 0x4c, 0x00, 0x00, 0x00, 0x00, 0x00, 0x00, 0x00, 0x00, 0x00, 0x00,
    0x00, 0x00, 0x00, 0xb0, 0xff, 0x4c, 0x00, 0x00, 0x00, 0x00, 0x00, 0x00, 0x00, 0x00, 0x00, 0x00,
    0x00, 0x00, 0x00, 0xb0, 0xff, 0x4c, 0x00, 0x00, 0x00, 0x00, 0x00, 0x00, 0x00, 0x00, 0x00, 0x00,
    0x00, 0x00, 0x00, 0xb0, 0xff, 0x4c, 0x00, 0x00, 0x00, 0x00, 0x00, 0x00, 0x00, 0x00, 0x00, 0x00,
    0x00, 0x00, 0x00, 0xb0, 0xff, 0x4c, 0x00, 0x00, 0x00, 0x00, 0x00, 0x00, 0x00, 0x00, 0x00, 0x00,
    0x00, 0x00, 0x00, 0xb0, 0xff, 0x4c, 0x00, 0x00, 0x00, 0x00, 0x00, 0x00, 0x00, 0x00, 0x00, 0x00,
    0x00, 0x00, 0x00, 0xb0, 0xff, 0x4c, 0x00, 0x00, 0x00, 0x00, 0x00, 0x00, 0x00, 0x00, 0x00, 0x00,
    0x00, 0x00, 0x00, 0xb0, 0xff, 0x4c, 0x00, 0x00, 0x00, 0x00, 0x00, 0x00, 0x00, 0x00, 0x00, 0x00,
    0x00, 0x00, 0x00, 0xb0, 0xff, 0x4c, 0x00, 0x00, 0x00, 0x00, 0x00, 0x00, 0x00, 0x00, 0x00, 0x00,

    /* U+0032 "2" */
    0x00, 0x0d, 0x75, 0xc6, 0xf1, 0xfd, 0xeb, 0xb0, 0x3b, 0x00, 0x00, 0x00, 0x00, 0x00, 0x00, 0x00,
    0x2e, 0xe4, 0xff, 0xff, 0xe1, 0xd8, 0xf7, 0xff, 0xfe, 0x5d, 0x00, 0x00, 0x00, 0x00, 0x00, 0x00,
    0x51, 0xf8, 0x94, 0x19, 0x00, 0x00, 0x09, 0x89, 0xff, 0xee, 0x06, 0x00, 0x00, 0x00, 0x00, 0x00,
    0x00, 0x1b, 0x00, 0x00, 0x00, 0x00, 0x00, 0x01, 0xe4, 0xff, 0x2d, 0x00, 0x00, 0x00, 0x00, 0x00,
    0x00, 0x00, 0x00, 0x00, 0x00, 0x00, 0x00, 0x00, 0xd8, 0xff, 0x25, 0x00, 0x00, 0x00, 0x00, 0x00,
    0x00, 0x00, 0x00, 0x00, 0x00, 0x00, 0x00, 0x2c, 0xff, 0xe4, 0x02, 0x00, 0x00, 0x00, 0x00, 0x00,
    0x00, 0x00, 0x00, 0x00, 0x00, 0x00, 0x0e, 0xcf, 0xff, 0x5c, 0x00, 0x00, 0x00, 0x00, 0x00, 0x00,
    0x00, 0x00, 0x00, 0x00, 0x00, 0x12, 0xca, 0xff, 0x8f, 0x00, 0x00, 0x00, 0x00, 0x00, 0x00, 0x00,
    0x00, 0x00, 0x00, 0x00, 0x18, 0xd3, 0xff, 0x92, 0x01, 0x00, 0x00, 0x00, 0x00, 0x00, 0x00, 0x00,
    0x00, 0x00, 0x00, 0x1f, 0xdb, 0xff, 0x85, 0x00, 0x00, 0x00, 0x00, 0x00, 0x00, 0x00, 0x00, 0x00,
    0x00, 0x00, 0x25, 0xe3, 0xff, 0x78, 0x00, 0x00, 0x00, 0x00, 0x00, 0x00, 0x00, 0x00, 0x00, 0x00,
    0x00, 0x2f, 0xe9, 0xfe, 0x6b, 0x00, 0x00, 0x00, 0x00, 0x00, 0x00, 0x00, 0x00, 0x00, 0x00, 0x00,
    0x24, 0xee, 0xff, 0xf4, 0xc8, 0xc8, 0xc8, 0xc8, 0xc8, 0xc8, 0x9f, 0x00, 0x00, 0x00, 0x00, 0x00,
    0x44, 0xff, 0xff, 0xff, 0xff, 0xff, 0xff, 0xff, 0xff, 0xff, 0xcc, 0x00, 0x00, 0x00, 0x00, 0x00,

    /* U+0033 "3" */
    0x44, 0xff, 0xff, 0xff, 0xff, 0xff, 0xff, 0xff, 0xff, 0xfc, 0x00, 0x00, 0x00, 0x00, 0x00, 0x00,
    0x36, 0xcc, 0xcc, 0xcc, 0xcc, 0xcc, 0xcc, 0xf3, 0xff, 0xd3, 0x00, 0x00, 0x00, 0x00, 0x00, 0x00,
    0x00, 0x00, 0x00, 0x00, 0x00, 0x00, 0x49, 0xfb, 0xe2, 0x1c, 0x00, 0x00, 0x00, 0x00, 0x00, 0x00,
    0x00, 0x00, 0x00, 0x00, 0x00, 0x37, 0xf5, 0xed, 0x29, 0x00, 0x00, 0x00, 0x00, 0x00, 0x00, 0x00,
    0x00, 0x00, 0x00, 0x00, 0x28, 0xed, 0xf6, 0x37, 0x00, 0x00, 0x00, 0x00, 0x00, 0x00, 0x00, 0x00,
    0x00, 0x00, 0x00, 0x06, 0xe2, 0xff, 0xd1, 0x6a, 0x13, 0x00, 0x00, 0x00, 0x00, 0x00, 0x00, 0x00,
    0x00, 0x00, 0x00, 0x0c, 0xff, 0xff, 0xff, 0xff, 0xf0, 0x46, 0x00, 0x00, 0x00, 0x00, 0x00, 0x00,
    0x00, 0x00, 0x00, 0x00, 0x00, 0x06, 0x29, 0x98, 0xff, 0xf2, 0x16, 0x00, 0x00, 0x00, 0x00, 0x00,
    0x00, 0x00, 0x00, 0x00, 0x00, 0x00, 0x00, 0x00, 0xb5, 0xff, 0x6b, 0x00, 0x00, 0x00, 0x00, 0x00,
    0x00, 0x00, 0x00, 0x00, 0x00, 0x00, 0x00, 0x00, 0x7b, 0xff, 0x8a, 0x00, 0x00, 0x00, 0x00, 0x00,
    0x0b, 0x1c, 0x00, 0x00, 0x00, 0x00, 0x00, 0x00, 0xa8, 0xff, 0x70, 0x00, 0x00, 0x00, 0x00, 0x00,
    0x7f, 0xed, 0x73, 0x16, 0x00, 0x00, 0x09, 0x76, 0xfe, 0xfa, 0x1e, 0x00, 0x00, 0x00, 0x00, 0x00,
    0x83, 0xfd, 0xff, 0xff, 0xe5, 0xdc, 0xf9, 0xff, 0xfe, 0x67, 0x00, 0x00, 0x00, 0x00, 0x00, 0x00,
    0x00, 0x27, 0x8d, 0xd1, 0xf5, 0xfd, 0xe7, 0xac, 0x3b, 0x00, 0x00, 0x00, 0x00, 0x00, 0x00, 0x00,

    /* U+0034 "4" */
    0x00, 0x00, 0x00, 0x00, 0x00, 0x00, 0x00, 0x76, 0xff, 0xb2, 0x01, 0x00, 0x00, 0x00, 0x00, 0x00,
    0x00, 0x00, 0x00, 0x00, 0x00, 0x00, 0x3f, 0xfc, 0xdf, 0x11, 0x00, 0x00, 0x00, 0x00, 0x00, 0x00,
    0x00, 0x00, 0x00, 0x00, 0x00, 0x18, 0xe7, 0xf9, 0x34, 0x00, 0x00, 0x00, 0x00, 0x00, 0x00, 0x00,
    0x00, 0x00, 0x00, 0x00, 0x04, 0xc1, 0xff, 0x6b, 0x00, 0x00, 0x00, 0x00, 0x00, 0x00, 0x00, 0x00,
    0x00, 0x00, 0x00, 0x00, 0x87, 0xff, 0xa9, 0x00, 0x00, 0x00, 0x00, 0x00, 0x00, 0x00, 0x00, 0x00,
    0x00, 0x00, 0x00, 0x4d, 0xff, 0xd9, 0x0c, 0x00, 0x0a, 0x18, 0x0c, 0x00, 0x00, 0x00, 0x00, 0x00,
    0x00, 0x00, 0x22, 0xef, 0xf5, 0x2d, 0x00, 0x00, 0x68, 0xff, 0x7c, 0x00, 0x00, 0x00, 0x00, 0x00,
    0x00, 0x08, 0xcd, 0xff, 0x60, 0x00, 0x00, 0x00, 0x68, 0xff, 0x7c, 0x00, 0x00, 0x00, 0x00, 0x00,
    0x00, 0x9a, 0xff, 0x9d, 0x00, 0x00, 0x00, 0x00, 0x68, 0xff, 0x7c, 0x00, 0x00, 0x00, 0x00, 0x00,
    0x31, 0xff, 0xff, 0xff, 0xff, 0xff, 0xff, 0xff, 0xff, 0xff, 0xff, 0xff, 0xff, 0x24, 0x00, 0x00,
    0x2e, 0xc4, 0xc4, 0xc4, 0xc4, 0xc4, 0xc4, 0xc4, 0xe0, 0xff, 0xe2, 0xc4, 0xc4, 0x1c, 0x00, 0x00,
    0x00, 0x00, 0x00, 0x00, 0x00, 0x00, 0x00, 0x00, 0x74, 0xff, 0x7c, 0x00, 0x00, 0x00, 0x00, 0x00,
    0x00, 0x00, 0x00, 0x00, 0x00, 0x00, 0x00, 0x00, 0x74, 0xff, 0x7c, 0x00, 0x00, 0x00, 0x00, 0x00,
    0x00, 0x00, 0x00, 0x00, 0x00, 0x00, 0x00, 0x00, 0x74, 0xff, 0x7c, 0x00, 0x00, 0x00, 0x00, 0x00,

    /* U+0035 "5" */
    0x00, 0x00, 0xf6, 0xff, 0xff, 0xff, 0xff, 0xff, 0xff, 0xff, 0x00, 0x00, 0x00, 0x00, 0x00, 0x00,
    0x00, 0x11, 0xff, 0xf4, 0xcc, 0xcc, 0xcc, 0xcc, 0xcc, 0xcc, 0x00, 0x00, 0x00, 0x00, 0x00, 0x00,
    0x00, 0x2b, 0xff, 0xb1, 0x00, 0x00, 0x00, 0x00, 0x00, 0x00, 0x00, 0x00, 0x00, 0x00, 0x00, 0x00,
    0x00, 0x46, 0xff, 0x96, 0x00, 0x00, 0x00, 0x00, 0x00, 0x00, 0x00, 0x00, 0x00, 0x00, 0x00, 0x00,
    0x00, 0x61, 0xff, 0x7a, 0x00, 0x00, 0x00, 0x00, 0x00, 0x00, 0x00, 0x00, 0x00, 0x00, 0x00, 0x00,
    0x00, 0x7b, 0xff, 0xe3, 0xcc, 0xc7, 0xb3, 0x82, 0x28, 0x00, 0x00, 0x00, 0x00, 0x00, 0x00, 0x00,
    0x00, 0x97, 0xff, 0xff, 0xff, 0xff, 0xff, 0xff, 0xfe, 0x81, 0x00, 0x00, 0x00, 0x00, 0x00, 0x00,
    0x00, 0x00, 0x00, 0x00, 0x01, 0x0a, 0x2d, 0x81, 0xfa, 0xff, 0x4d, 0x00, 0x00, 0x00, 0x00, 0x00,
    0x00, 0x00, 0x00, 0x00, 0x00, 0x00, 0x00, 0x00, 0x7a, 0xff, 0xa8, 0x00, 0x00, 0x00, 0x00, 0x00,
    0x00, 0x00, 0x00, 0x00, 0x00, 0x00, 0x00, 0x00, 0x3e, 0xff, 0xc4, 0x00, 0x00, 0x00, 0x00, 0x00,
    0x00, 0x1f, 0x00, 0x00, 0x00, 0x00, 0x00, 0x00, 0x66, 0xff, 0xab, 0x00, 0x00, 0x00, 0x00, 0x00,
    0x3e, 0xf8, 0x8a, 0x24, 0x00, 0x00, 0x01, 0x4b, 0xec, 0xff, 0x54, 0x00, 0x00, 0x00, 0x00, 0x00,
    0x50, 0xf2, 0xff, 0xff, 0xeb, 0xdc, 0xf1, 0xff, 0xff, 0x9f, 0x00, 0x00, 0x00, 0x00, 0x00, 0x00,
    0x00, 0x14, 0x77, 0xc3, 0xef, 0xfe, 0xef, 0xbf, 0x59, 0x01, 0x00, 0x00, 0x00, 0x00, 0x00, 0x00,

    /* U+0036 "6" */
    0x00, 0x00, 0x00, 0x02, 0x59, 0xb6, 0xeb, 0xfc, 0xf0, 0xc8, 0x74, 0x01, 0x00, 0x00, 0x00, 0x00,
    0x00, 0x00, 0x0f, 0xbd, 0xff, 0xff, 0xe0, 0xc7, 0xd1, 0xf6, 0xb9, 0x00, 0x00, 0x00, 0x00, 0x00,
    0x00, 0x01, 0xb8, 0xff, 0xc0, 0x2b, 0x00, 0x00, 0x00, 0x0a, 0x18, 0x00, 0x00, 0x00, 0x00, 0x00,
    0x00, 0x4e, 0xff, 0xc9, 0x06, 0x00, 0x00, 0x00, 0x00, 0x00, 0x00, 0x00, 0x00, 0x00, 0x00, 0x00,
    0x00, 0xb0, 0xff, 0x49, 0x00, 0x00, 0x00, 0x00, 0x00, 0x00, 0x00, 0x00, 0x00, 0x00, 0x00, 0x00,
    0x00, 0xea, 0xff, 0x10, 0x6e, 0xce, 0xf9, 0xf9, 0xce, 0x6e, 0x04, 0x00, 0x00, 0x00, 0x00, 0x00,
    0x04, 0xff, 0xf8, 0xaf, 0xff, 0xd8, 0xac, 0xc0, 0xfa, 0xff, 0xb6, 0x03, 0x00, 0x00, 0x00, 0x00,
    0x08, 0xff, 0xff, 0xfe, 0x63, 0x00, 0x00, 0x00, 0x21, 0xdb, 0xff, 0x64, 0x00, 0x00, 0x00, 0x00,
    0x00, 0xf7, 0xff, 0xa5, 0x00, 0x00, 0x00, 0x00, 0x00, 0x51, 0xff, 0xb5, 0x00, 0x00, 0x00, 0x00,
    0x00, 0xcb, 0xff, 0x75, 0x00, 0x00, 0x00, 0x00, 0x00, 0x2a, 0xff, 0xc8, 0x00, 0x00, 0x00, 0x00,
    0x00, 0x7f, 0xff, 0xa6, 0x00, 0x00, 0x00, 0x00, 0x00, 0x55, 0xff, 0xaa, 0x00, 0x00, 0x00, 0x00,
    0x00, 0x13, 0xed, 0xfe, 0x63, 0x01, 0x00, 0x00, 0x25, 0xe0, 0xff, 0x4e, 0x00, 0x00, 0x00, 0x00,
    0x00, 0x00, 0x40, 0xf2, 0xff, 0xdd, 0xb0, 0xc0, 0xfb, 0xff, 0x94, 0x00, 0x00, 0x00, 0x00, 0x00,
    0x00, 0x00, 0x00, 0x1f, 0x96, 0xde, 0xfb, 0xf4, 0xc1, 0x56, 0x00, 0x00, 0x00, 0x00, 0x00, 0x00,

    /* U+0037 "7" */
    0x68, 0xff, 0xff, 0xff, 0xff, 0xff, 0xff, 0xff, 0xff, 0xff, 0xff, 0x28, 0x00, 0x00, 0x00, 0x00,
    0x68, 0xff, 0xe7, 0xcc, 0xcc, 0xcc, 0xcc, 0xcc, 0xd5, 0xff, 0xfd, 0x17, 0x00, 0x00, 0x00, 0x00,
    0x68, 0xff, 0x84, 0x00, 0x00, 0x00, 0x00, 0x00, 0x6b, 0xff, 0xaa, 0x00, 0x00, 0x00, 0x00, 0x00,
    0x68, 0xff, 0x84, 0x00, 0x00, 0x00, 0x00, 0x03, 0xdd, 0xff, 0x38, 0x00, 0x00, 0x00, 0x00, 0x00,
    0x1d, 0x48, 0x25, 0x00, 0x00, 0x00, 0x00, 0x55, 0xff, 0xc4, 0x00, 0x00, 0x00, 0x00, 0x00, 0x00,
    0x00, 0x00, 0x00, 0x00, 0x00, 0x00, 0x00, 0xc8, 0xff, 0x52, 0x00, 0x00, 0x00, 0x00, 0x00, 0x00,
    0x00, 0x00, 0x00, 0x00, 0x00, 0x00, 0x3c, 0xff, 0xdc, 0x02, 0x00, 0x00, 0x00, 0x00, 0x00, 0x00,
    0x00, 0x00, 0x00, 0x00, 0x00, 0x00, 0xb0, 0xff, 0x6b, 0x00, 0x00, 0x00, 0x00, 0x00, 0x00, 0x00,
    0x00, 0x00, 0x00, 0x00, 0x00, 0x25, 0xfe, 0xed, 0x0b, 0x00, 0x00, 0x00, 0x00, 0x00, 0x00, 0x00,
    0x00, 0x00, 0x00, 0x00, 0x00, 0x96, 0xff, 0x86, 0x00, 0x00, 0x00, 0x00, 0x00, 0x00, 0x00, 0x00,
    0x00, 0x00, 0x00, 0x00, 0x13, 0xf7, 0xfa, 0x19, 0x00, 0x00, 0x00, 0x00, 0x00, 0x00, 0x00, 0x00,
    0x00, 0x00, 0x00, 0x00, 0x7f, 0xff, 0x9f, 0x00, 0x00, 0x00, 0x00, 0x00, 0x00, 0x00, 0x00, 0x00,
    0x00, 0x00, 0x00, 0x08, 0xea, 0xff, 0x2c, 0x00, 0x00, 0x00, 0x00, 0x00, 0x00, 0x00, 0x00, 0x00,
    0x00, 0x00, 0x00, 0x65, 0xff, 0xba, 0x00, 0x00, 0x00, 0x00, 0x00, 0x00, 0x00, 0x00, 0x00, 0x00,

    /* U+0038 "8" */
    0x00, 0x00, 0x07, 0x70, 0xc7, 0xf3, 0xfe, 0xef, 0xbe, 0x5f, 0x02, 0x00, 0x00, 0x00, 0x00, 0x00,
    0x00, 0x08, 0xc6, 0xff, 0xf8, 0xbf, 0xac, 0xc6, 0xfd, 0xff, 0xab, 0x01, 0x00, 0x00, 0x00, 0x00,
    0x00, 0x6d, 0xff, 0xd5, 0x1b, 0x00, 0x00, 0x00, 0x2a, 0xe4, 0xff, 0x4a, 0x00, 0x00, 0x00, 0x00,
    0x00, 0x9c, 0xff, 0x69, 0x00, 0x00, 0x00, 0x00, 0x00, 0x81, 0xff, 0x7c, 0x00, 0x00, 0x00, 0x00,
    0x00, 0x7b, 0xff, 0x86, 0x00, 0x00, 0x00, 0x00, 0x00, 0x9f, 0xff, 0x5a, 0x00, 0x00, 0x00, 0x00,
    0x00, 0x13, 0xdc, 0xfa, 0x7c, 0x33, 0x28, 0x38, 0x8d, 0xfe, 0xc7, 0x06, 0x00, 0x00, 0x00, 0x00,
    0x00, 0x00, 0x3c, 0xf6, 0xff, 0xff, 0xff, 0xff, 0xff, 0xea, 0x26, 0x00, 0x00, 0x00, 0x00, 0x00,
    0x00, 0x47, 0xf8, 0xfa, 0x9a, 0x58, 0x48, 0x5c, 0xaa, 0xff, 0xef, 0x2f, 0x00, 0x00, 0x00, 0x00,
    0x01, 0xdf, 0xff, 0x4e, 0x00, 0x00, 0x00, 0x00, 0x00, 0x6e, 0xff, 0xbf, 0x00, 0x00, 0x00, 0x00,
    0x19, 0xff, 0xeb, 0x00, 0x00, 0x00, 0x00, 0x00, 0x00, 0x0b, 0xff, 0xf9, 0x00, 0x00, 0x00, 0x00,
    0x10, 0xff, 0xf7, 0x0d, 0x00, 0x00, 0x00, 0x00, 0x00, 0x24, 0xff, 0xef, 0x00, 0x00, 0x00, 0x00,
    0x00, 0xbf, 0xff, 0xab, 0x0f, 0x00, 0x00, 0x00, 0x1a, 0xc2, 0xff, 0x9f, 0x00, 0x00, 0x00, 0x00,
    0x00, 0x23, 0xe2, 0xff, 0xf5, 0xc0, 0xb0, 0xc5, 0xfb, 0xff, 0xd1, 0x13, 0x00, 0x00, 0x00, 0x00,
    0x00, 0x00, 0x10, 0x7c, 0xcc, 0xf3, 0xfe, 0xef, 0xc3, 0x6d, 0x07, 0x00, 0x00, 0x00, 0x00, 0x00,

    /* U+0039 "9" */
    0x00, 0x00, 0x3c, 0xae, 0xeb, 0xfe, 0xed, 0xb8, 0x4d, 0x00, 0x00, 0x00, 0x00, 0x00, 0x00, 0x00,
    0x00, 0x6d, 0xfe, 0xff, 0xcd, 0xac, 0xbe, 0xf6, 0xff, 0x91, 0x00, 0x00, 0x00, 0x00, 0x00, 0x00,
    0x20, 0xfb, 0xf4, 0x3d, 0x00, 0x00, 0x00, 0x15, 0xbf, 0xff, 0x5b, 0x00, 0x00, 0x00, 0x00, 0x00,
    0x62, 0xff, 0x95, 0x00, 0x00, 0x00, 0x00, 0x00, 0x2c, 0xff, 0xd7, 0x00, 0x00, 0x00, 0x00, 0x00,
    0x68, 0xff, 0x95, 0x00, 0x00, 0x00, 0x00, 0x00, 0x2d, 0xff, 0xff, 0x22, 0x00, 0x00, 0x00, 0x00,
    0x2a, 0xfe, 0xf3, 0x3c, 0x00, 0x00, 0x00, 0x16, 0xc2, 0xff, 0xff, 0x4c, 0x00, 0x00, 0x00, 0x00,
    0x00, 0x85, 0xff, 0xff, 0xcd, 0xab, 0xba, 0xf6, 0xf4, 0xd0, 0xff, 0x5c, 0x00, 0x00, 0x00, 0x00,
    0x00, 0x00, 0x52, 0xbd, 0xf2, 0xfd, 0xe5, 0xa1, 0x27, 0xa7, 0xff, 0x58, 0x00, 0x00, 0x00, 0x00,
    0x00, 0x00, 0x00, 0x00, 0x00, 0x00, 0x00, 0x00, 0x00, 0xc7, 0xff, 0x3d, 0x00, 0x00, 0x00, 0x00,
    0x00, 0x00, 0x00, 0x00, 0x00, 0x00, 0x00, 0x00, 0x14, 0xfa, 0xf9, 0x0b, 0x00, 0x00, 0x00, 0x00,
    0x00, 0x00, 0x00, 0x00, 0x00, 0x00, 0x00, 0x00, 0x9a, 0xff, 0xa4, 0x00, 0x00, 0x00, 0x00, 0x00,
    0x00, 0x09, 0x3d, 0x00, 0x00, 0x00, 0x17, 0x9b, 0xff, 0xee, 0x1f, 0x00, 0x00, 0x00, 0x00, 0x00,
    0x00, 0x6b, 0xff, 0xe8, 0xcb, 0xd6, 0xfd, 0xff, 0xe9, 0x39, 0x00, 0x00, 0x00, 0x00, 0x00, 0x00,
    0x00, 0x3c, 0xad, 0xe5, 0xfd, 0xf5, 0xcd, 0x7f, 0x12, 0x00, 0x00, 0x00, 0x00, 0x00, 0x00, 0x00,

    /* U+0041 "A" */
    0x00, 0x00, 0x00, 0x00, 0x00, 0x00, 0x05, 0xe5, 0xff, 0x86, 0x00, 0x00, 0x00, 0x00, 0x00, 0x00,
    0x00, 0x00, 0x00, 0x00, 0x00, 0x00, 0x5e, 0xff, 0xff, 0xef, 0x0b, 0x00, 0x00, 0x00, 0x00, 0x00,
    0x00, 0x00, 0x00, 0x00, 0x00, 0x01, 0xd1, 0xfc, 0x9d, 0xff, 0x6f, 0x00, 0x00, 0x00, 0x00, 0x00,
    0x00, 0x00, 0x00, 0x00, 0x00, 0x45, 0xff, 0xaa, 0x16, 0xf8, 0xdf, 0x04, 0x00, 0x00, 0x00, 0x00,
    0x00, 0x00, 0x00, 0x00, 0x00, 0xb9, 0xff, 0x3a, 0x00, 0x9e, 0xff, 0x56, 0x00, 0x00, 0x00, 0x00,
    0x00, 0x00, 0x00, 0x00, 0x2d, 0xff, 0xc9, 0x00, 0x00, 0x2d, 0xff, 0xcd, 0x00, 0x00, 0x00, 0x00,
    0x00, 0x00, 0x00, 0x00, 0xa0, 0xff, 0x59, 0x00, 0x00, 0x00, 0xbe, 0xff, 0x40, 0x00, 0x00, 0x00,
    0x00, 0x00, 0x00, 0x1b, 0xfa, 0xe3, 0x05, 0x00, 0x00, 0x00, 0x4c, 0xff, 0xb3, 0x00, 0x00, 0x00,
    0x00, 0x00, 0x00, 0x88, 0xff, 0x77, 0x00, 0x00, 0x00, 0x00, 0x02, 0xd9, 0xff, 0x2a, 0x00, 0x00,
    0x00, 0x00, 0x0d, 0xef, 0xff, 0xff, 0xff, 0xff, 0xff, 0xff, 0xff, 0xff, 0xff, 0x9d, 0x00, 0x00,
    0x00, 0x00, 0x6f, 0xff, 0xcf, 0xa4, 0xa4, 0xa4, 0xa4, 0xa4, 0xa4, 0xa4, 0xf4, 0xf8, 0x19, 0x00,
    0x00, 0x04, 0xdf, 0xfe, 0x27, 0x00, 0x00, 0x00, 0x00, 0x00, 0x00, 0x00, 0x89, 0xff, 0x85, 0x00,
    0x00, 0x56, 0xff, 0xb5, 0x00, 0x00, 0x00, 0x00, 0x00, 0x00, 0x00, 0x00, 0x1d, 0xfc, 0xee, 0x0b,
    0x00, 0xc9, 0xff, 0x45, 0x00, 0x00, 0x00, 0x00, 0x00, 0x00, 0x00, 0x00, 0x00, 0xaa, 0xff, 0x6e,

    /* U+0042 "B" */
    0xe8, 0xff, 0xff, 0xff, 0xff, 0xff, 0xff, 0xef, 0xc3, 0x68, 0x04, 0x00, 0x00, 0x00, 0x00, 0x00,
    0xe8, 0xff, 0xb4, 0xac, 0xac, 0xac, 0xb0, 0xd0, 0xff, 0xff, 0xb3, 0x01, 0x00, 0x00, 0x00, 0x00,
    0xe8, 0xff, 0x18, 0x00, 0x00, 0x00, 0x00, 0x00, 0x37, 0xf3, 0xff, 0x42, 0x00, 0x00, 0x00, 0x00,
    0xe8, 0xff, 0x18, 0x00, 0x00, 0x00, 0x00, 0x00, 0x00, 0xa4, 0xff, 0x64, 0x00, 0x00, 0x00, 0x00,
    0xe8, 0xff, 0x18, 0x00, 0x00, 0x00, 0x00, 0x00, 0x00, 0xba, 0xff, 0x3c, 0x00, 0x00, 0x00, 0x00,
    0xe8, 0xff, 0x18, 0x00, 0x00, 0x00, 0x04, 0x24, 0x89, 0xff, 0xab, 0x00, 0x00, 0x00, 0x00, 0x00,
    0xe8, 0xff, 0xff, 0xff, 0xff, 0xff, 0xff, 0xff, 0xff, 0xe4, 0x2e, 0x00, 0x00, 0x00, 0x00, 0x00,
    0xe8, 0xff, 0xb7, 0xac, 0xac, 0xac, 0xad, 0xb9, 0xe9, 0xff, 0xf9, 0x46, 0x00, 0x00, 0x00, 0x00,
    0xe8, 0xff, 0x18, 0x00, 0x00, 0x00, 0x00, 0x00, 0x03, 0x80, 0xff, 0xdd, 0x01, 0x00, 0x00, 0x00,
    0xe8, 0xff, 0x18, 0x00, 0x00, 0x00, 0x00, 0x00, 0x00, 0x03, 0xf0, 0xff, 0x19, 0x00, 0x00, 0x00,
    0xe8, 0xff, 0x18, 0x00, 0x00, 0x00, 0x00, 0x00, 0x00, 0x02, 0xf0, 0xff, 0x1b, 0x00, 0x00, 0x00,
    0xe8, 0xff, 0x18, 0x00, 0x00, 0x00, 0x00, 0x00, 0x03, 0x7d, 0xff, 0xde, 0x01, 0x00, 0x00, 0x00,
    0xe8, 0xff, 0xb4, 0xac, 0xac, 0xac, 0xac, 0xb9, 0xe9, 0xff, 0xf9, 0x47, 0x00, 0x00, 0x00, 0x00,
    0xe8, 0xff, 0xff, 0xff, 0xff, 0xff, 0xff, 0xfa, 0xdd, 0x9c, 0x2b, 0x00, 0x00, 0x00, 0x00, 0x00,

    /* U+0043 "C" */
    0x00, 0x00, 0x00, 0x00, 0x17, 0x7e, 0xcb, 0xf3, 0xfd, 0xec, 0xb9, 0x60, 0x05, 0x00, 0x00, 0x00,
    0x00, 0x00, 0x00, 0x5f, 0xf3, 0xff, 0xff, 0xe9, 0xd7, 0xee, 0xff, 0xff, 0xd0, 0x1e, 0x00, 0x00,
    0x00, 0x00, 0x67, 0xff, 0xfe, 0x97, 0x25, 0x00, 0x00, 0x01, 0x35, 0xb6, 0xfe, 0x5c, 0x00, 0x00,
    0x00, 0x25, 0xf9, 0xfe, 0x55, 0x00, 0x00, 0x00, 0x00, 0x00, 0x00, 0x01, 0x31, 0x00, 0x00, 0x00,
    0x00, 0x98, 0xff, 0x97, 0x00, 0x00, 0x00, 0x00, 0x00, 0x00, 0x00, 0x00, 0x00, 0x00, 0x00, 0x00,
    0x00, 0xe2, 0xff, 0x2c, 0x00, 0x00, 0x00, 0x00, 0x00, 0x00, 0x00, 0x00, 0x00, 0x00, 0x00, 0x00,
    0x06, 0xff, 0xfa, 0x02, 0x00, 0x00, 0x00, 0x00, 0x00, 0x00, 0x00, 0x00, 0x00, 0x00, 0x00, 0x00,
    0x06, 0xff, 0xfa, 0x02, 0x00, 0x00, 0x00, 0x00, 0x00, 0x00, 0x00, 0x00, 0x00, 0x00, 0x00, 0x00,
    0x00, 0xe2, 0xff, 0x2e, 0x00, 0x00, 0x00, 0x00, 0x00, 0x00, 0x00, 0x00, 0x00, 0x00, 0x00, 0x00,
    0x00, 0x97, 0xff, 0x9a, 0x00, 0x00, 0x00, 0x00, 0x00, 0x00, 0x00, 0x00, 0x00, 0x00, 0x00, 0x00,
    0x00, 0x23, 0xf8, 0xfe, 0x5c, 0x00, 0x00, 0x00, 0x00, 0x00, 0x00, 0x01, 0x37, 0x00, 0x00, 0x00,
    0x00, 0x00, 0x65, 0xff, 0xff, 0x9a, 0x29, 0x00, 0x00, 0x01, 0x36, 0xb8, 0xff, 0x5f, 0x00, 0x00,
    0x00, 0x00, 0x00, 0x5e, 0xf3, 0xff, 0xff, 0xed, 0xda, 0xf1, 0xff, 0xff, 0xca, 0x1b, 0x00, 0x00,
    0x00, 0x00, 0x00, 0x00, 0x17, 0x7e, 0xcb, 0xf3, 0xfd, 0xeb, 0xb8, 0x5c, 0x03, 0x00, 0x00, 0x00,

    /* U+0044 "D" */
    0xe8, 0xff, 0xff, 0xff, 0xff, 0xff, 0xfa, 0xe0, 0xaa, 0x4e, 0x02, 0x00, 0x00, 0x00, 0x00, 0x00,
    0xe8, 0xff, 0xd1, 0xcc, 0xcc, 0xcc, 0xd5, 0xf5, 0xff, 0xff, 0xc5, 0x1e, 0x00, 0x00, 0x00, 0x00,
    0xe8, 0xff, 0x18, 0x00, 0x00, 0x00, 0x00, 0x04, 0x48, 0xcf, 0xff, 0xe1, 0x17, 0x00, 0x00, 0x00,
    0xe8, 0xff, 0x18, 0x00, 0x00, 0x00, 0x00, 0x00, 0x00, 0x07, 0xb8, 0xff, 0xad, 0x00, 0x00, 0x00,
    0xe8, 0xff, 0x18, 0x00, 0x00, 0x00, 0x00, 0x00, 0x00, 0x00, 0x15, 0xf3, 0xff, 0x24, 0x00, 0x00,
    0xe8, 0xff, 0x18, 0x00, 0x00, 0x00, 0x00, 0x00, 0x00, 0x00, 0x00, 0xa4, 0xff, 0x6a, 0x00, 0x00,
    0xe8, 0xff, 0x18, 0x00, 0x00, 0x00, 0x00, 0x00, 0x00, 0x00, 0x00, 0x79, 0xff, 0x8a, 0x00, 0x00,
    0xe8, 0xff, 0x18, 0x00, 0x00, 0x00, 0x00, 0x00, 0x00, 0x00, 0x00, 0x77, 0xff, 0x89, 0x00, 0x00,
    0xe8, 0xff, 0x18, 0x00, 0x00, 0x00, 0x00, 0x00, 0x00, 0x00, 0x00, 0xa4, 0xff, 0x6a, 0x00, 0x00,
    0xe8, 0xff, 0x18, 0x00, 0x00, 0x00, 0x00, 0x00, 0x00, 0x00, 0x15, 0xf4, 0xff, 0x24, 0x00, 0x00,
    0xe8, 0xff, 0x18, 0x00, 0x00, 0x00, 0x00, 0x00, 0x00, 0x07, 0xb8, 0xff, 0xad, 0x00, 0x00, 0x00,
    0xe8, 0xff, 0x18, 0x00, 0x00, 0x00, 0x00, 0x03, 0x47, 0xce, 0xff, 0xe1, 0x18, 0x00, 0x00, 0x00,
    0xe8, 0xff, 0xcd, 0xc8, 0xc8, 0xc8, 0xd1, 0xf3, 0xff, 0xff, 0xc5, 0x1e, 0x00, 0x00, 0x00, 0x00,
    0xe8, 0xff, 0xff, 0xff, 0xff, 0xff, 0xfa, 0xe1, 0xaa, 0x4e, 0x02, 0x00, 0x00, 0x00, 0x00, 0x00,

    /* U+0045 "E" */
    0xe8, 0xff, 0xff, 0xff, 0xff, 0xff, 0xff, 0xff, 0xff, 0xfc, 0x00, 0x00, 0x00, 0x00, 0x00, 0x00,
    0xe8, 0xff, 0xd1, 0xcc, 0xcc, 0xcc, 0xcc, 0xcc, 0xcc, 0xc9, 0x00, 0x00, 0x00, 0x00, 0x00, 0x00,
    0xe8, 0xff, 0x18, 0x00, 0x00, 0x00, 0x00, 0x00, 0x00, 0x00, 0x00, 0x00, 0x00, 0x00, 0x00, 0x00,
    0xe8, 0xff, 0x18, 0x00, 0x00, 0x00, 0x00, 0x00, 0x00, 0x00, 0x00, 0x00, 0x00, 0x00, 0x00, 0x00,
    0xe8, 0xff, 0x18, 0x00, 0x00, 0x00, 0x00, 0x00, 0x00, 0x00, 0x00, 0x00, 0x00, 0x00, 0x00, 0x00,
    0xe8, 0xff, 0x18, 0x00, 0x00, 0x00, 0x00, 0x00, 0x00, 0x00, 0x00, 0x00, 0x00, 0x00, 0x00, 0x00,
    0xe8, 0xff, 0xff, 0xff, 0xff, 0xff, 0xff, 0xff, 0xff, 0x20, 0x00, 0x00, 0x00, 0x00, 0x00, 0x00,
    0xe8, 0xff, 0xc6, 0xc0, 0xc0, 0xc0, 0xc0, 0xc0, 0xc0, 0x18, 0x00, 0x00, 0x00, 0x00, 0x00, 0x00,
    0xe8, 0xff, 0x18, 0x00, 0x00, 0x00, 0x00, 0x00, 0x00, 0x00, 0x00, 0x00, 0x00, 0x00, 0x00, 0x00,
    0xe8, 0xff, 0x18, 0x00, 0x00, 0x00, 0x00, 0x00, 0x00, 0x00, 0x00, 0x00, 0x00, 0x00, 0x00, 0x00,
    0xe8, 0xff, 0x18, 0x00, 0x00, 0x00, 0x00, 0x00, 0x00, 0x00, 0x00, 0x00, 0x00, 0x00, 0x00, 0x00,
    0xe8, 0xff, 0x18, 0x00, 0x00, 0x00, 0x00, 0x00, 0x00, 0x00, 0x00, 0x00, 0x00, 0x00, 0x00, 0x00,
    0xe8, 0xff, 0xcd, 0xc8, 0xc8, 0xc8, 0xc8, 0xc8, 0xc8, 0xc8, 0x35, 0x00, 0x00, 0x00, 0x00, 0x00,
    0xe8, 0xff, 0xff, 0xff, 0xff, 0xff, 0xff, 0xff, 0xff, 0xff, 0x44, 0x00, 0x00, 0x00, 0x00, 0x00,

    /* U+0046 "F" */
    0xe8, 0xff, 0xff, 0xff, 0xff, 0xff, 0xff, 0xff, 0xff, 0xfc, 0x00, 0x00, 0x00, 0x00, 0x00, 0x00,
    0xe8, 0xff, 0xd1, 0xcc, 0xcc, 0xcc, 0xcc, 0xcc, 0xcc, 0xc9, 0x00, 0x00, 0x00, 0x00, 0x00, 0x00,
    0xe8, 0xff, 0x18, 0x00, 0x00, 0x00, 0x00, 0x00, 0x00, 0x00, 0x00, 0x00, 0x00, 0x00, 0x00, 0x00,
    0xe8, 0xff, 0x18, 0x00, 0x00, 0x00, 0x00, 0x00, 0x00, 0x00, 0x00, 0x00, 0x00, 0x00, 0x00, 0x00,
    0xe8, 0xff, 0x18, 0x00, 0x00, 0x00, 0x00, 0x00, 0x00, 0x00, 0x00, 0x00, 0x00, 0x00, 0x00, 0x00,
    0xe8, 0xff, 0x18, 0x00, 0x00, 0x00, 0x00, 0x00, 0x00, 0x00, 0x00, 0x00, 0x00, 0x00, 0x00, 0x00,
    0xe8, 0xff, 0xca, 0xc4, 0xc4, 0xc4, 0xc4, 0xc4, 0xc4, 0x19, 0x00, 0x00, 0x00, 0x00, 0x00, 0x00,
    0xe8, 0xff, 0xff, 0xff, 0xff, 0xff, 0xff, 0xff, 0xff, 0x20, 0x00, 0x00, 0x00, 0x00, 0x00, 0x00,
    0xe8, 0xff, 0x18, 0x00, 0x00, 0x00, 0x00, 0x00, 0x00, 0x00, 0x00, 0x00, 0x00, 0x00, 0x00, 0x00,
    0xe8, 0xff, 0x18, 0x00, 0x00, 0x00, 0x00, 0x00, 0x00, 0x00, 0x00, 0x00, 0x00, 0x00, 0x00, 0x00,
    0xe8, 0xff, 0x18, 0x00, 0x00, 0x00, 0x00, 0x00, 0x00, 0x00, 0x00, 0x00, 0x00, 0x00, 0x00, 0x00,
    0xe8, 0xff, 0x18, 0x00, 0x00, 0x00, 0x00, 0x00, 0x00, 0x00, 0x00, 0x00, 0x00, 0x00, 0x00, 0x00,
    0xe8, 0xff, 0x18, 0x00, 0x00, 0x00, 0x00, 0x00, 0x00, 0x00, 0x00, 0x00, 0x00, 0x00, 0x00, 0x00,
    0xe8, 0xff, 0x18, 0x00, 0x00, 0x00, 0x00, 0x00, 0x00, 0x00, 0x00, 0x00, 0x00, 0x00, 0x00, 0x00,

    /* U+0047 "G" */
    0x00, 0x00, 0x00, 0x00, 0x16, 0x7e, 0xc9, 0xf3, 0xfe, 0xef, 0xc2, 0x70, 0x0c, 0x00, 0x00, 0x00,
    0x00, 0x00, 0x00, 0x5e, 0xf3, 0xff, 0xff, 0xea, 0xd6, 0xe9, 0xff, 0xff, 0xe2, 0x34, 0x00, 0x00,
    0x00, 0x00, 0x66, 0xff, 0xfe, 0x9a, 0x28, 0x00, 0x00, 0x00, 0x24, 0x95, 0xfe, 0x7a, 0x00, 0x00,
    0x00, 0x25, 0xf9, 0xfe, 0x5a, 0x00, 0x00, 0x00, 0x00, 0x00, 0x00, 0x00, 0x28, 0x00, 0x00, 0x00,
    0x00, 0x98, 0xff, 0x97, 0x00, 0x00, 0x00, 0x00, 0x00, 0x00, 0x00, 0x00, 0x00, 0x00, 0x00, 0x00,
    0x00, 0xe2, 0xff, 0x2c, 0x00, 0x00, 0x00, 0x00, 0x00, 0x00, 0x00, 0x00, 0x00, 0x00, 0x00, 0x00,
    0x06, 0xff, 0xfa, 0x02, 0x00, 0x00, 0x00, 0x00, 0x00, 0x00, 0x00, 0x05, 0x18, 0x11, 0x00, 0x00,
    0x06, 0xff, 0xfa, 0x02, 0x00, 0x00, 0x00, 0x00, 0x00, 0x00, 0x00, 0x34, 0xff, 0xb8, 0x00, 0x00,
    0x00, 0xe2, 0xff, 0x2e, 0x00, 0x00, 0x00, 0x00, 0x00, 0x00, 0x00, 0x34, 0xff, 0xb8, 0x00, 0x00,
    0x00, 0x97, 0xff, 0x9c, 0x00, 0x00, 0x00, 0x00, 0x00, 0x00, 0x00, 0x34, 0xff, 0xb8, 0x00, 0x00,
    0x00, 0x23, 0xf8, 0xff, 0x5d, 0x00, 0x00, 0x00, 0x00, 0x00, 0x00, 0x34, 0xff, 0xb8, 0x00, 0x00,
    0x00, 0x00, 0x63, 0xff, 0xff, 0x9e, 0x2b, 0x00, 0x00, 0x00, 0x23, 0x9b, 0xff, 0xba, 0x00, 0x00,
    0x00, 0x00, 0x00, 0x5c, 0xf1, 0xff, 0xff, 0xed, 0xda, 0xed, 0xff, 0xff, 0xed, 0x53, 0x00, 0x00,
    0x00, 0x00, 0x00, 0x00, 0x15, 0x7d, 0xca, 0xf3, 0xfe, 0xed, 0xbf, 0x73, 0x10, 0x00, 0x00, 0x00,

    /* U+0048 "H" */
    0xe8, 0xff, 0x18, 0x00, 0x00, 0x00, 0x00, 0x00, 0x00, 0x00, 0xdc, 0xff, 0x24, 0x00, 0x00, 0x00,
    0xe8, 0xff, 0x18, 0x00, 0x00, 0x00, 0x00, 0x00, 0x00, 0x00, 0xdc, 0xff, 0x24, 0x00, 0x00, 0x00,
    0xe8, 0xff, 0x18, 0x00, 0x00, 0x00, 0x00, 0x00, 0x00, 0x00, 0xdc, 0xff, 0x24, 0x00, 0x00, 0x00,
    0xe8, 0xff, 0x18, 0x00, 0x00, 0x00, 0x00, 0x00, 0x00, 0x00, 0xdc, 0xff, 0x24, 0x00, 0x00, 0x00,
    0xe8, 0xff, 0x18, 0x00, 0x00, 0x00, 0x00, 0x00, 0x00, 0x00, 0xdc, 0xff, 0x24, 0x00, 0x00, 0x00,
    0xe8, 0xff, 0x18, 0x00, 0x00, 0x00, 0x00, 0x00, 0x00, 0x00, 0xdc, 0xff, 0x24, 0x00, 0x00, 0x00,
    0xe8, 0xff, 0xff, 0xff, 0xff, 0xff, 0xff, 0xff, 0xff, 0xff, 0xff, 0xff, 0x24, 0x00, 0x00, 0x00,
    0xe8, 0xff, 0xd2, 0xcc, 0xcc, 0xcc, 0xcc, 0xcc, 0xcc, 0xcc, 0xfa, 0xff, 0x24, 0x00, 0x00, 0x00,
    0xe8, 0xff, 0x18, 0x00, 0x00, 0x00, 0x00, 0x00, 0x00, 0x00, 0xdc, 0xff, 0x24, 0x00, 0x00, 0x00,
    0xe8, 0xff, 0x18, 0x00, 0x00, 0x00, 0x00, 0x00, 0x00, 0x00, 0xdc, 0xff, 0x24, 0x00, 0x00, 0x00,
    0xe8, 0xff, 0x18, 0x00, 0x00, 0x00, 0x00, 0x00, 0x00, 0x00, 0xdc, 0xff, 0x24, 0x00, 0x00, 0x00,
    0xe8, 0xff, 0x18, 0x00, 0x00, 0x00, 0x00, 0x00, 0x00, 0x00, 0xdc, 0xff, 0x24, 0x00, 0x00, 0x00,
    0xe8, 0xff, 0x18, 0x00, 0x00, 0x00, 0x00, 0x00, 0x00, 0x00, 0xdc, 0xff, 0x24, 0x00, 0x00, 0x00,
    0xe8, 0xff, 0x18, 0x00, 0x00, 0x00, 0x00, 0x00, 0x00, 0x00, 0xdc, 0xff, 0x24, 0x00, 0x00, 0x00,

    /* U+0049 "I" */
    0xe8, 0xff, 0x18, 0x00, 0x00, 0x00, 0x00, 0x00, 0x00, 0x00, 0x00, 0x00, 0x00, 0x00, 0x00, 0x00,
    0xe8, 0xff, 0x18, 0x00, 0x00, 0x00, 0x00, 0x00, 0x00, 0x00, 0x00, 0x00, 0x00, 0x00, 0x00, 0x00,
    0xe8, 0xff, 0x18, 0x00, 0x00, 0x00, 0x00, 0x00, 0x00, 0x00, 0x00, 0x00, 0x00, 0x00, 0x00, 0x00,
    0xe8, 0xff, 0x18, 0x00, 0x00, 0x00, 0x00, 0x00, 0x00, 0x00, 0x00, 0x00, 0x00, 0x00, 0x00, 0x00,
    0xe8, 0xff, 0x18, 0x00, 0x00, 0x00, 0x00, 0x00, 0x00, 0x00, 0x00, 0x00, 0x00, 0x00, 0x00, 0x00,
    0xe8, 0xff, 0x18, 0x00, 0x00, 0x00, 0x00, 0x00, 0x00, 0x00, 0x00, 0x00, 0x00, 0x00, 0x00, 0x00,
    0xe8, 0xff, 0x18, 0x00, 0x00, 0x00, 0x00, 0x00, 0x00, 0x00, 0x00, 0x00, 0x00, 0x00, 0x00, 0x00,
    0xe8, 0xff, 0x18, 0x00, 0x00, 0x00, 0x00, 0x00, 0x00, 0x00, 0x00, 0x00, 0x00, 0x00, 0x00, 0x00,
    0xe8, 0xff, 0x18, 0x00, 0x00, 0x00, 0x00, 0x00, 0x00, 0x00, 0x00, 0x00, 0x00, 0x00, 0x00, 0x00,
    0xe8, 0xff, 0x18, 0x00, 0x00, 0x00, 0x00, 0x00, 0x00, 0x00, 0x00, 0x00, 0x00, 0x00, 0x00, 0x00,
    0xe8, 0xff, 0x18, 0x00, 0x00, 0x00, 0x00, 0x00, 0x00, 0x00, 0x00, 0x00, 0x00, 0x00, 0x00, 0x00,
    0xe8, 0xff, 0x18, 0x00, 0x00, 0x00, 0x00, 0x00, 0x00, 0x00, 0x00, 0x00, 0x00, 0x00, 0x00, 0x00,
    0xe8, 0xff, 0x18, 0x00, 0x00, 0x00, 0x00, 0x00, 0x00, 0x00, 0x00, 0x00, 0x00, 0x00, 0x00, 0x00,
    0xe8, 0xff, 0x18, 0x00, 0x00, 0x00, 0x00, 0x00, 0x00, 0x00, 0x00, 0x00, 0x00, 0x00, 0x00, 0x00,

    /* U+004A "J" */
    0x00, 0x00, 0xc4, 0xff, 0xff, 0xff, 0xff, 0xff, 0xff, 0x48, 0x00, 0x00, 0x00, 0x00, 0x00, 0x00,
    0x00, 0x00, 0x9c, 0xcc, 0xcc, 0xcc, 0xcc, 0xf1, 0xff, 0x48, 0x00, 0x00, 0x00, 0x00, 0x00, 0x00,
    0x00, 0x00, 0x00, 0x00, 0x00, 0x00, 0x00, 0xb4, 0xff, 0x48, 0x00, 0x00, 0x00, 0x00, 0x00, 0x00,
    0x00, 0x00, 0x00, 0x00, 0x00, 0x00, 0x00, 0xb4, 0xff, 0x48, 0x00, 0x00, 0x00, 0x00, 0x00, 0x00,
    0x00, 0x00, 0x00, 0x00, 0x00, 0x00, 0x00, 0xb4, 0xff, 0x48, 0x00, 0x00, 0x00, 0x00, 0x00, 0x00,
    0x00, 0x00, 0x00, 0x00, 0x00, 0x00, 0x00, 0xb4, 0xff, 0x48, 0x00, 0x00, 0x00, 0x00, 0x00, 0x00,
    0x00, 0x00, 0x00, 0x00, 0x00, 0x00, 0x00, 0xb4, 0xff, 0x48, 0x00, 0x00, 0x00, 0x00, 0x00, 0x00,
    0x00, 0x00, 0x00, 0x00, 0x00, 0x00, 0x00, 0xb4, 0xff, 0x48, 0x00, 0x00, 0x00, 0x00, 0x00, 0x00,
    0x00, 0x00, 0x00, 0x00, 0x00, 0x00, 0x00, 0xb4, 0xff, 0x48, 0x00, 0x00, 0x00, 0x00, 0x00, 0x00,
    0x00, 0x00, 0x00, 0x00, 0x00, 0x00, 0x00, 0xb7, 0xff, 0x47, 0x00, 0x00, 0x00, 0x00, 0x00, 0x00,
    0x00, 0x13, 0x0e, 0x00, 0x00, 0x00, 0x00, 0xd5, 0xff, 0x33, 0x00, 0x00, 0x00, 0x00, 0x00, 0x00,
    0x08, 0xc6, 0xc4, 0x1f, 0x00, 0x00, 0x58, 0xff, 0xf0, 0x06, 0x00, 0x00, 0x00, 0x00, 0x00, 0x00,
    0x03, 0xae, 0xff, 0xfc, 0xd2, 0xda, 0xff, 0xff, 0x70, 0x00, 0x00, 0x00, 0x00, 0x00, 0x00, 0x00,
    0x00, 0x02, 0x67, 0xcc, 0xf9, 0xf9, 0xcc, 0x5e, 0x00, 0x00, 0x00, 0x00, 0x00, 0x00, 0x00, 0x00,

    /* U+004B "K" */
    0xe8, 0xff, 0x18, 0x00, 0x00, 0x00, 0x00, 0x00, 0x09, 0xbf, 0xff, 0x82, 0x00, 0x00, 0x00, 0x00,
    0xe8, 0xff, 0x18, 0x00, 0x00, 0x00, 0x00, 0x07, 0xb9, 0xff, 0x8e, 0x00, 0x00, 0x00, 0x00, 0x00,
    0xe8, 0xff, 0x18, 0x00, 0x00, 0x00, 0x06, 0xb3, 0xff, 0x9b, 0x01, 0x00, 0x00, 0x00, 0x00, 0x00,
    0xe8, 0xff, 0x18, 0x00, 0x00, 0x04, 0xad, 0xff, 0xa7, 0x03, 0x00, 0x00, 0x00, 0x00, 0x00, 0x00,
    0xe8, 0xff, 0x18, 0x00, 0x03, 0xa6, 0xff, 0xb2, 0x05, 0x00, 0x00, 0x00, 0x00, 0x00, 0x00, 0x00,
    0xe8, 0xff, 0x18, 0x02, 0x9f, 0xff, 0xbb, 0x08, 0x00, 0x00, 0x00, 0x00, 0x00, 0x00, 0x00, 0x00,
    0xe8, 0xff, 0x19, 0x98, 0xff, 0xff, 0x3f, 0x00, 0x00, 0x00, 0x00, 0x00, 0x00, 0x00, 0x00, 0x00,
    0xe8, 0xff, 0xa8, 0xff, 0xf4, 0xff, 0xe4, 0x1a, 0x00, 0x00, 0x00, 0x00, 0x00, 0x00, 0x00, 0x00,
    0xe8, 0xff, 0xff, 0xda, 0x1d, 0xb1, 0xff, 0xca, 0x08, 0x00, 0x00, 0x00, 0x00, 0x00, 0x00, 0x00,
    0xe8, 0xff, 0xdc, 0x1c, 0x00, 0x0a, 0xcc, 0xff, 0xa4, 0x00, 0x00, 0x00, 0x00, 0x00, 0x00, 0x00,
    0xe8, 0xff, 0x30, 0x00, 0x00, 0x00, 0x1a, 0xe2, 0xff, 0x78, 0x00, 0x00, 0x00, 0x00, 0x00, 0x00,
    0xe8, 0xff, 0x18, 0x00, 0x00, 0x00, 0x00, 0x2d, 0xf3, 0xfe, 0x4d, 0x00, 0x00, 0x00, 0x00, 0x00,
    0xe8, 0xff, 0x18, 0x00, 0x00, 0x00, 0x00, 0x00, 0x48, 0xfc, 0xf3, 0x2b, 0x00, 0x00, 0x00, 0x00,
    0xe8, 0xff, 0x18, 0x00, 0x00, 0x00, 0x00, 0x00, 0x00, 0x6a, 0xff, 0xdf, 0x15, 0x00, 0x00, 0x00,

    /* U+004C "L" */
    0xe8, 0xff, 0x18, 0x00, 0x00, 0x00, 0x00, 0x00, 0x00, 0x00, 0x00, 0x00, 0x00, 0x00, 0x00, 0x00,
    0xe8, 0xff, 0x18, 0x00, 0x00, 0x00, 0x00, 0x00, 0x00, 0x00, 0x00, 0x00, 0x00, 0x00, 0x00, 0x00,
    0xe8, 0xff, 0x18, 0x00, 0x00, 0x00, 0x00, 0x00, 0x00, 0x00, 0x00, 0x00, 0x00, 0x00, 0x00, 0x00,
    0xe8, 0xff, 0x18, 0x00, 0x00, 0x00, 0x00, 0x00, 0x00, 0x00, 0x00, 0x00, 0x00, 0x00, 0x00, 0x00,
    0xe8, 0xff, 0x18, 0x00, 0x00, 0x00, 0x00, 0x00, 0x00, 0x00, 0x00, 0x00, 0x00, 0x00, 0x00, 0x00,
    0xe8, 0xff, 0x18, 0x00, 0x00, 0x00, 0x00, 0x00, 0x00, 0x00, 0x00, 0x00, 0x00, 0x00, 0x00, 0x00,
    0xe8, 0xff, 0x18, 0x00, 0x00, 0x00, 0x00, 0x00, 0x00, 0x00, 0x00, 0x00, 0x00, 0x00, 0x00, 0x00,
    0xe8, 0xff, 0x18, 0x00, 0x00, 0x00, 0x00, 0x00, 0x00, 0x00, 0x00, 0x00, 0x00, 0x00, 0x00, 0x00,
    0xe8, 0xff, 0x18, 0x00, 0x00, 0x00, 0x00, 0x00, 0x00, 0x00, 0x00, 0x00, 0x00, 0x00, 0x00, 0x00,
    0xe8, 0xff, 0x18, 0x00, 0x00, 0x00, 0x00, 0x00, 0x00, 0x00, 0x00, 0x00, 0x00, 0x00, 0x00, 0x00,
    0xe8, 0xff, 0x18, 0x00, 0x00, 0x00, 0x00, 0x00, 0x00, 0x00, 0x00, 0x00, 0x00, 0x00, 0x00, 0x00,
    0xe8, 0xff, 0x18, 0x00, 0x00, 0x00, 0x00, 0x00, 0x00, 0x00, 0x00, 0x00, 0x00, 0x00, 0x00, 0x00,
    0xe8, 0xff, 0xcd, 0xc8, 0xc8, 0xc8, 0xc8, 0xc8, 0xc8, 0x8a, 0x00, 0x00, 0x00, 0x00, 0x00, 0x00,
    0xe8, 0xff, 0xff, 0xff, 0xff, 0xff, 0xff, 0xff, 0xff, 0xb0, 0x00, 0x00, 0x00, 0x00, 0x00, 0x00,

    /* U+004D "M" */
    0xe8, 0xf1, 0x17, 0x00, 0x00, 0x00, 0x00, 0x00, 0x00, 0x00, 0x00, 0x00, 0x0d, 0xe6, 0xfc, 0x00,
    0xe8, 0xff, 0xa0, 0x00, 0x00, 0x00, 0x00, 0x00, 0x00, 0x00, 0x00, 0x00, 0x88, 0xff, 0xfc, 0x00,
    0xe8, 0xff, 0xff, 0x39, 0x00, 0x00, 0x00, 0x00, 0x00, 0x00, 0x00, 0x25, 0xfa, 0xff, 0xfc, 0x00,
    0xe8, 0xff, 0xfe, 0xce, 0x03, 0x00, 0x00, 0x00, 0x00, 0x00, 0x00, 0xb5, 0xff, 0xfd, 0xfc, 0x00,
    0xe8, 0xff, 0x9a, 0xff, 0x68, 0x00, 0x00, 0x00, 0x00, 0x00, 0x4c, 0xff, 0xa0, 0xf0, 0xfc, 0x00,
    0xe8, 0xff, 0x15, 0xec, 0xed, 0x13, 0x00, 0x00, 0x00, 0x07, 0xdb, 0xf1, 0x17, 0xf0, 0xfc, 0x00,
    0xe8, 0xff, 0x04, 0x63, 0xff, 0x98, 0x00, 0x00, 0x00, 0x78, 0xff, 0x6f, 0x00, 0xf0, 0xfc, 0x00,
    0xe8, 0xff, 0x04, 0x02, 0xc9, 0xfd, 0x32, 0x00, 0x1a, 0xf3, 0xd4, 0x04, 0x00, 0xf0, 0xff, 0x00,
    0xe8, 0xff, 0x04, 0x00, 0x34, 0xfe, 0xc7, 0x01, 0xa3, 0xff, 0x41, 0x00, 0x00, 0xf0, 0xff, 0x00,
    0xe8, 0xff, 0x04, 0x00, 0x00, 0x98, 0xff, 0x98, 0xff, 0xa8, 0x00, 0x00, 0x00, 0xec, 0xff, 0x00,
    0xe8, 0xff, 0x04, 0x00, 0x00, 0x13, 0xec, 0xff, 0xf5, 0x1d, 0x00, 0x00, 0x00, 0xec, 0xff, 0x00,
    0xe8, 0xff, 0x04, 0x00, 0x00, 0x00, 0x67, 0xff, 0x79, 0x00, 0x00, 0x00, 0x00, 0xec, 0xff, 0x00,
    0xe8, 0xff, 0x04, 0x00, 0x00, 0x00, 0x02, 0x4a, 0x07, 0x00, 0x00, 0x00, 0x00, 0xec, 0xff, 0x00,
    0xe8, 0xff, 0x04, 0x00, 0x00, 0x00, 0x00, 0x00, 0x00, 0x00, 0x00, 0x00, 0x00, 0xec, 0xff, 0x00,

    /* U+004E "N" */
    0xe8, 0xf4, 0x2c, 0x00, 0x00, 0x00, 0x00, 0x00, 0x00, 0x00, 0xdc, 0xff, 0x24, 0x00, 0x00, 0x00,
    0xe8, 0xff, 0xda, 0x0f, 0x00, 0x00, 0x00, 0x00, 0x00, 0x00, 0xdc, 0xff, 0x24, 0x00, 0x00, 0x00,
    0xe8, 0xff, 0xff, 0xb0, 0x01, 0x00, 0x00, 0x00, 0x00, 0x00, 0xdc, 0xff, 0x24, 0x00, 0x00, 0x00,
    0xe8, 0xff, 0xcc, 0xff, 0x79, 0x00, 0x00, 0x00, 0x00, 0x00, 0xdc, 0xff, 0x24, 0x00, 0x00, 0x00,
    0xe8, 0xff, 0x2b, 0xe1, 0xfd, 0x46, 0x00, 0x00, 0x00, 0x00, 0xdc, 0xff, 0x24, 0x00, 0x00, 0x00,
    0xe8, 0xff, 0x18, 0x34, 0xf8, 0xec, 0x1f, 0x00, 0x00, 0x00, 0xdc, 0xff, 0x24, 0x00, 0x00, 0x00,
    0xe8, 0xff, 0x18, 0x00, 0x62, 0xff, 0xcc, 0x08, 0x00, 0x00, 0xdc, 0xff, 0x24, 0x00, 0x00, 0x00,
    0xe8, 0xff, 0x18, 0x00, 0x00, 0x99, 0xff, 0x9c, 0x00, 0x00, 0xdc, 0xff, 0x24, 0x00, 0x00, 0x00,
    0xe8, 0xff, 0x18, 0x00, 0x00, 0x07, 0xc9, 0xff, 0x64, 0x00, 0xdc, 0xff, 0x24, 0x00, 0x00, 0x00,
    0xe8, 0xff, 0x18, 0x00, 0x00, 0x00, 0x1d, 0xea, 0xf8, 0x34, 0xdc, 0xff, 0x24, 0x00, 0x00, 0x00,
    0xe8, 0xff, 0x18, 0x00, 0x00, 0x00, 0x00, 0x41, 0xfd, 0xe2, 0xe9, 0xff, 0x24, 0x00, 0x00, 0x00,
    0xe8, 0xff, 0x18, 0x00, 0x00, 0x00, 0x00, 0x00, 0x77, 0xff, 0xff, 0xff, 0x24, 0x00, 0x00, 0x00,
    0xe8, 0xff, 0x18, 0x00, 0x00, 0x00, 0x00, 0x00, 0x01, 0xac, 0xff, 0xff, 0x24, 0x00, 0x00, 0x00,
    0xe8, 0xff, 0x18, 0x00, 0x00, 0x00, 0x00, 0x00, 0x00, 0x0d, 0xd7, 0xff, 0x24, 0x00, 0x00, 0x00,

    /* U+004F "O" */
    0x00, 0x00, 0x00, 0x00, 0x14, 0x7a, 0xc8, 0xf3, 0xfd, 0xec, 0xbe, 0x6a, 0x0a, 0x00, 0x00, 0x00,
    0x00, 0x00, 0x00, 0x58, 0xf1, 0xff, 0xff, 0xe7, 0xd7, 0xee, 0xff, 0xff, 0xe2, 0x3d, 0x00, 0x00,
    0x00, 0x00, 0x62, 0xff, 0xfe, 0x95, 0x23, 0x00, 0x00, 0x01, 0x32, 0xb1, 0xff, 0xf8, 0x3d, 0x00,
    0x00, 0x23, 0xf8, 0xfe, 0x59, 0x00, 0x00, 0x00, 0x00, 0x00, 0x00, 0x00, 0x86, 0xff, 0xe2, 0x09,
    0x00, 0x97, 0xff, 0x99, 0x00, 0x00, 0x00, 0x00, 0x00, 0x00, 0x00, 0x00, 0x02, 0xca, 0xff, 0x66,
    0x00, 0xe2, 0xff, 0x2c, 0x00, 0x00, 0x00, 0x00, 0x00, 0x00, 0x00, 0x00, 0x00, 0x61, 0xff, 0xaf,
    0x06, 0xff, 0xfa, 0x02, 0x00, 0x00, 0x00, 0x00, 0x00, 0x00, 0x00, 0x00, 0x00, 0x30, 0xff, 0xd2,
    0x06, 0xff, 0xfa, 0x02, 0x00, 0x00, 0x00, 0x00, 0x00, 0x00, 0x00, 0x00, 0x00, 0x30, 0xff, 0xd1,
    0x00, 0xe2, 0xff, 0x2e, 0x00, 0x00, 0x00, 0x00, 0x00, 0x00, 0x00, 0x00, 0x00, 0x62, 0xff, 0xae,
    0x00, 0x96, 0xff, 0x9c, 0x00, 0x00, 0x00, 0x00, 0x00, 0x00, 0x00, 0x00, 0x02, 0xcc, 0xff, 0x64,
    0x00, 0x22, 0xf7, 0xff, 0x5c, 0x00, 0x00, 0x00, 0x00, 0x00, 0x00, 0x00, 0x8a, 0xff, 0xe1, 0x09,
    0x00, 0x00, 0x60, 0xff, 0xff, 0x99, 0x26, 0x00, 0x00, 0x01, 0x36, 0xb5, 0xff, 0xf7, 0x3b, 0x00,
    0x00, 0x00, 0x00, 0x58, 0xf0, 0xff, 0xff, 0xe9, 0xdb, 0xf1, 0xff, 0xff, 0xe0, 0x3b, 0x00, 0x00,
    0x00, 0x00, 0x00, 0x00, 0x14, 0x7a, 0xc8, 0xf3, 0xfe, 0xed, 0xbe, 0x69, 0x09, 0x00, 0x00, 0x00,

    /* U+0050 "P" */
    0xe8, 0xff, 0xff, 0xff, 0xff, 0xff, 0xf3, 0xcb, 0x7e, 0x11, 0x00, 0x00, 0x00, 0x00, 0x00, 0x00,
    0xe8, 0xff, 0xd2, 0xcc, 0xcc, 0xcd, 0xe0, 0xff, 0xff, 0xe4, 0x29, 0x00, 0x00, 0x00, 0x00, 0x00,
    0xe8, 0xff, 0x18, 0x00, 0x00, 0x00, 0x00, 0x1f, 0xb5, 0xff, 0xd1, 0x02, 0x00, 0x00, 0x00, 0x00,
    0xe8, 0xff, 0x18, 0x00, 0x00, 0x00, 0x00, 0x00, 0x07, 0xe2, 0xff, 0x39, 0x00, 0x00, 0x00, 0x00,
    0xe8, 0xff, 0x18, 0x00, 0x00, 0x00, 0x00, 0x00, 0x00, 0xa2, 0xff, 0x62, 0x00, 0x00, 0x00, 0x00,
    0xe8, 0xff, 0x18, 0x00, 0x00, 0x00, 0x00, 0x00, 0x00, 0xaa, 0xff, 0x5c, 0x00, 0x00, 0x00, 0x00,
    0xe8, 0xff, 0x18, 0x00, 0x00, 0x00, 0x00, 0x00, 0x18, 0xf0, 0xff, 0x28, 0x00, 0x00, 0x00, 0x00,
    0xe8, 0xff, 0x18, 0x00, 0x00, 0x01, 0x14, 0x54, 0xda, 0xff, 0xae, 0x00, 0x00, 0x00, 0x00, 0x00,
    0xe8, 0xff, 0xff, 0xff, 0xff, 0xff, 0xff, 0xff, 0xff, 0xb6, 0x0e, 0x00, 0x00, 0x00, 0x00, 0x00,
    0xe8, 0xff, 0xce, 0xc8, 0xc8, 0xc7, 0xbb, 0x93, 0x42, 0x00, 0x00, 0x00, 0x00, 0x00, 0x00, 0x00,
    0xe8, 0xff, 0x18, 0x00, 0x00, 0x00, 0x00, 0x00, 0x00, 0x00, 0x00, 0x00, 0x00, 0x00, 0x00, 0x00,
    0xe8, 0xff, 0x18, 0x00, 0x00, 0x00, 0x00, 0x00, 0x00, 0x00, 0x00, 0x00, 0x00, 0x00, 0x00, 0x00,
    0xe8, 0xff, 0x18, 0x00, 0x00, 0x00, 0x00, 0x00, 0x00, 0x00, 0x00, 0x00, 0x00, 0x00, 0x00, 0x00,
    0xe8, 0xff, 0x18, 0x00, 0x00, 0x00, 0x00, 0x00, 0x00, 0x00, 0x00, 0x00, 0x00, 0x00, 0x00, 0x00,

    /* U+0051 "Q" */
    0x00, 0x00, 0x00, 0x00, 0x14, 0x7a, 0xc8, 0xf3, 0xfd, 0xec, 0xbe, 0x6a, 0x0a, 0x00, 0x00, 0x00, 0x00, 0x00, 0x00, 0x00, 0x00, 0x00, 0x00, 0x00, 0x00, 0x00, 0x00, 0x00, 0x00, 0x00, 0x00, 0x00,
    0x00, 0x00, 0x00, 0x58, 0xf1, 0xff, 0xff, 0xe7, 0xd7, 0xee, 0xff, 0xff, 0xe2, 0x3d, 0x00, 0x00, 0x00, 0x00, 0x00, 0x00, 0x00, 0x00, 0x00, 0x00, 0x00, 0x00, 0x00, 0x00, 0x00, 0x00, 0x00, 0x00,
    0x00, 0x00, 0x62, 0xff, 0xfe, 0x95, 0x23, 0x00, 0x00, 0x01, 0x32, 0xb1, 0xff, 0xf8, 0x3d, 0x00, 0x00, 0x00, 0x00, 0x00, 0x00, 0x00, 0x00, 0x00, 0x00, 0x00, 0x00, 0x00, 0x00, 0x00, 0x00, 0x00,
    0x00, 0x23, 0xf8, 0xfe, 0x59, 0x00, 0x00, 0x00, 0x00, 0x00, 0x00, 0x00, 0x86, 0xff, 0xe2, 0x09, 0x00, 0x00, 0x00, 0x00, 0x00, 0x00, 0x00, 0x00, 0x00, 0x00, 0x00, 0x00, 0x00, 0x00, 0x00, 0x00,
    0x00, 0x97, 0xff, 0x99, 0x00, 0x00, 0x00, 0x00, 0x00, 0x00, 0x00, 0x00, 0x02, 0xca, 0xff, 0x66, 0x00, 0x00, 0x00, 0x00, 0x00, 0x00, 0x00, 0x00, 0x00, 0x00, 0x00, 0x00, 0x00, 0x00, 0x00, 0x00,
    0x00, 0xe2, 0xff, 0x2c, 0x00, 0x00, 0x00, 0x00, 0x00, 0x00, 0x00, 0x00, 0x00, 0x61, 0xff, 0xaf, 0x00, 0x00, 0x00, 0x00, 0x00, 0x00, 0x00, 0x00, 0x00, 0x00, 0x00, 0x00, 0x00, 0x00, 0x00, 0x00,
    0x06, 0xff, 0xfa, 0x02, 0x00, 0x00, 0x00, 0x00, 0x00, 0x00, 0x00, 0x00, 0x00, 0x30, 0xff, 0xd2, 0x00, 0x00, 0x00, 0x00, 0x00, 0x00, 0x00, 0x00, 0x00, 0x00, 0x00, 0x00, 0x00, 0x00, 0x00, 0x00,
    0x06, 0xff, 0xfa, 0x02, 0x00, 0x00, 0x00, 0x00, 0x00, 0x00, 0x00, 0x00, 0x00, 0x31, 0xff, 0xd1, 0x00, 0x00, 0x00, 0x00, 0x00, 0x00, 0x00, 0x00, 0x00, 0x00, 0x00, 0x00, 0x00, 0x00, 0x00, 0x00,
    0x00, 0xe2, 0xff, 0x30, 0x00, 0x00, 0x00, 0x00, 0x00, 0x00, 0x00, 0x00, 0x00, 0x64, 0xff, 0xae, 0x00, 0x00, 0x00, 0x00, 0x00, 0x00, 0x00, 0x00, 0x00, 0x00, 0x00, 0x00, 0x00, 0x00, 0x00, 0x00,
    0x00, 0x96, 0xff, 0x9f, 0x00, 0x00, 0x00, 0x00, 0x00, 0x00, 0x00, 0x00, 0x03, 0xd1, 0xff, 0x64, 0x00, 0x00, 0x00, 0x00, 0x00, 0x00, 0x00, 0x00, 0x00, 0x00, 0x00, 0x00, 0x00, 0x00, 0x00, 0x00,
    0x00, 0x22, 0xf7, 0xff, 0x60, 0x00, 0x00, 0x00, 0x00, 0x00, 0x00, 0x01, 0x8f, 0xff, 0xe1, 0x09, 0x00, 0x00, 0x00, 0x00, 0x00, 0x00, 0x00, 0x00, 0x00, 0x00, 0x00, 0x00, 0x00, 0x00, 0x00, 0x00,
    0x00, 0x00, 0x60, 0xff, 0xff, 0x9a, 0x26, 0x00, 0x00, 0x01, 0x36, 0xb6, 0xff, 0xf7, 0x3b, 0x00, 0x00, 0x00, 0x00, 0x00, 0x00, 0x00, 0x00, 0x00, 0x00, 0x00, 0x00, 0x00, 0x00, 0x00, 0x00, 0x00,
    0x00, 0x00, 0x00, 0x58, 0xf0, 0xff, 0xff, 0xe9, 0xdb, 0xf1, 0xff, 0xff, 0xe0, 0x3b, 0x00, 0x00, 0x00, 0x00, 0x00, 0x00, 0x00, 0x00, 0x00, 0x00, 0x00, 0x00, 0x00, 0x00, 0x00, 0x00, 0x00, 0x00,
    0x00, 0x00, 0x00, 0x00, 0x14, 0x7a, 0xc8, 0xf4, 0xff, 0xff, 0xd0, 0x69, 0x09, 0x00, 0x00, 0x00, 0x00, 0x00, 0x00, 0x00, 0x00, 0x00, 0x00, 0x00, 0x00, 0x00, 0x00, 0x00, 0x00, 0x00, 0x00, 0x00,
    0x00, 0x00, 0x00, 0x00, 0x00, 0x00, 0x00, 0x01, 0x9e, 0xff, 0xdc, 0x26, 0x00, 0x00, 0x19, 0xb2, 0x10, 0x00, 0x00, 0x00, 0x00, 0x00, 0x00, 0x00, 0x00, 0x00, 0x00, 0x00, 0x00, 0x00, 0x00, 0x00,
    0x00, 0x00, 0x00, 0x00, 0x00, 0x00, 0x00, 0x00, 0x02, 0x91, 0xff, 0xf8, 0xb5, 0xaf, 0xf3, 0xfd, 0x47, 0x00, 0x00, 0x00, 0x00, 0x00, 0x00, 0x00, 0x00, 0x00, 0x00, 0x00, 0x00, 0x00, 0x00, 0x00,
    0x00, 0x00, 0x00, 0x00, 0x00, 0x00, 0x00, 0x00, 0x00, 0x00, 0x4b, 0xc1, 0xf6, 0xf7, 0xc0, 0x41, 0x00, 0x00, 0x00, 0x00, 0x00, 0x00, 0x00, 0x00, 0x00, 0x00, 0x00, 0x00, 0x00, 0x00, 0x00, 0x00,

    /* U+0052 "R" */
    0xe8, 0xff, 0xff, 0xff, 0xff, 0xff, 0xf3, 0xcb, 0x7c, 0x0f, 0x00, 0x00, 0x00, 0x00, 0x00, 0x00,
    0xe8, 0xff, 0xd2, 0xcc, 0xcc, 0xcd, 0xe0, 0xff, 0xff, 0xe3, 0x29, 0x00, 0x00, 0x00, 0x00, 0x00,
    0xe8, 0xff, 0x18, 0x00, 0x00, 0x00, 0x00, 0x1f, 0xb5, 0xff, 0xd2, 0x02, 0x00, 0x00, 0x00, 0x00,
    0xe8, 0xff, 0x18, 0x00, 0x00, 0x00, 0x00, 0x00, 0x07, 0xe2, 0xff, 0x3a, 0x00, 0x00, 0x00, 0x00,
    0xe8, 0xff, 0x18, 0x00, 0x00, 0x00, 0x00, 0x00, 0x00, 0xa2, 0xff, 0x63, 0x00, 0x00, 0x00, 0x00,
    0xe8, 0xff, 0x18, 0x00, 0x00, 0x00, 0x00, 0x00, 0x00, 0xaa, 0xff, 0x5c, 0x00, 0x00, 0x00, 0x00,
    0xe8, 0xff, 0x18, 0x00, 0x00, 0x00, 0x00, 0x00, 0x19, 0xf1, 0xff, 0x27, 0x00, 0x00, 0x00, 0x00,
    0xe8, 0xff, 0x18, 0x00, 0x00, 0x01, 0x14, 0x55, 0xdc, 0xff, 0xac, 0x00, 0x00, 0x00, 0x00, 0x00,
    0xe8, 0xff, 0xff, 0xff, 0xff, 0xff, 0xff, 0xff, 0xff, 0xb1, 0x0d, 0x00, 0x00, 0x00, 0x00, 0x00,
    0xe8, 0xff, 0xc6, 0xc0, 0xc0, 0xbf, 0xda, 0xff, 0x9f, 0x00, 0x00, 0x00, 0x00, 0x00, 0x00, 0x00,
    0xe8, 0xff, 0x18, 0x00, 0x00, 0x00, 0x14, 0xe8, 0xfa, 0x32, 0x00, 0x00, 0x00, 0x00, 0x00, 0x00,
    0xe8, 0xff, 0x18, 0x00, 0x00, 0x00, 0x00, 0x4a, 0xff, 0xd7, 0x0a, 0x00, 0x00, 0x00, 0x00, 0x00,
    0xe8, 0xff, 0x18, 0x00, 0x00, 0x00, 0x00, 0x00, 0x98, 0xff, 0x94, 0x00, 0x00, 0x00, 0x00, 0x00,
    0xe8, 0xff, 0x18, 0x00, 0x00, 0x00, 0x00, 0x00, 0x0b, 0xdb, 0xff, 0x4a, 0x00, 0x00, 0x00, 0x00,

    /* U+0053 "S" */
    0x00, 0x00, 0x0a, 0x74, 0xca, 0xf2, 0xfe, 0xf0, 0xc4, 0x7c, 0x18, 0x00, 0x00, 0x00, 0x00, 0x00,
    0x00, 0x10, 0xd2, 0xff, 0xfc, 0xd1, 0xbe, 0xd1, 0xfa, 0xff, 0xd8, 0x00, 0x00, 0x00, 0x00, 0x00,
    0x00, 0x8c, 0xff, 0xbf, 0x19, 0x00, 0x00, 0x00, 0x0b, 0x62, 0x67, 0x00, 0x00, 0x00, 0x00, 0x00,
    0x00, 0xd0, 0xff, 0x31, 0x00, 0x00, 0x00, 0x00, 0x00, 0x00, 0x00, 0x00, 0x00, 0x00, 0x00, 0x00,
    0x00, 0xc8, 0xff, 0x45, 0x00, 0x00, 0x00, 0x00, 0x00, 0x00, 0x00, 0x00, 0x00, 0x00, 0x00, 0x00,
    0x00, 0x72, 0xff, 0xeb, 0x6a, 0x15, 0x00, 0x00, 0x00, 0x00, 0x00, 0x00, 0x00, 0x00, 0x00, 0x00,
    0x00, 0x02, 0x87, 0xf8, 0xff, 0xfe, 0xd0, 0x8f, 0x47, 0x05, 0x00, 0x00, 0x00, 0x00, 0x00, 0x00,
    0x00, 0x00, 0x00, 0x16, 0x6a, 0xb0, 0xee, 0xff, 0xff, 0xe2, 0x50, 0x00, 0x00, 0x00, 0x00, 0x00,
    0x00, 0x00, 0x00, 0x00, 0x00, 0x00, 0x01, 0x32, 0x96, 0xfe, 0xfc, 0x32, 0x00, 0x00, 0x00, 0x00,
    0x00, 0x00, 0x00, 0x00, 0x00, 0x00, 0x00, 0x00, 0x00, 0x89, 0xff, 0x88, 0x00, 0x00, 0x00, 0x00,
    0x00, 0x17, 0x00, 0x00, 0x00, 0x00, 0x00, 0x00, 0x00, 0x6b, 0xff, 0x90, 0x00, 0x00, 0x00, 0x00,
    0x02, 0xd6, 0xb2, 0x3e, 0x02, 0x00, 0x00, 0x00, 0x30, 0xe1, 0xff, 0x49, 0x00, 0x00, 0x00, 0x00,
    0x0a, 0xb4, 0xff, 0xff, 0xef, 0xca, 0xc3, 0xdc, 0xff, 0xff, 0x9a, 0x00, 0x00, 0x00, 0x00, 0x00,
    0x00, 0x00, 0x3d, 0x9b, 0xd8, 0xf8, 0xfd, 0xe8, 0xb4, 0x50, 0x00, 0x00, 0x00, 0x00, 0x00, 0x00,

    /* U+0054 "T" */
    0xec, 0xff, 0xff, 0xff, 0xff, 0xff, 0xff, 0xff, 0xff, 0xff, 0xff, 0xa8, 0x00, 0x00, 0x00, 0x00,
    0xbc, 0xcc, 0xcc, 0xcc, 0xd3, 0xff, 0xf9, 0xcc, 0xcc, 0xcc, 0xcc, 0x86, 0x00, 0x00, 0x00, 0x00,
    0x00, 0x00, 0x00, 0x00, 0x20, 0xff, 0xdc, 0x00, 0x00, 0x00, 0x00, 0x00, 0x00, 0x00, 0x00, 0x00,
    0x00, 0x00, 0x00, 0x00, 0x20, 0xff, 0xdc, 0x00, 0x00, 0x00, 0x00, 0x00, 0x00, 0x00, 0x00, 0x00,
    0x00, 0x00, 0x00, 0x00, 0x20, 0xff, 0xdc, 0x00, 0x00, 0x00, 0x00, 0x00, 0x00, 0x00, 0x00, 0x00,
    0x00, 0x00, 0x00, 0x00, 0x20, 0xff, 0xdc, 0x00, 0x00, 0x00, 0x00, 0x00, 0x00, 0x00, 0x00, 0x00,
    0x00, 0x00, 0x00, 0x00, 0x20, 0xff, 0xdc, 0x00, 0x00, 0x00, 0x00, 0x00, 0x00, 0x00, 0x00, 0x00,
    0x00, 0x00, 0x00, 0x00, 0x20, 0xff, 0xdc, 0x00, 0x00, 0x00, 0x00, 0x00, 0x00, 0x00, 0x00, 0x00,
    0x00, 0x00, 0x00, 0x00, 0x20, 0xff, 0xdc, 0x00, 0x00, 0x00, 0x00, 0x00, 0x00, 0x00, 0x00, 0x00,
    0x00, 0x00, 0x00, 0x00, 0x20, 0xff, 0xdc, 0x00, 0x00, 0x00, 0x00, 0x00, 0x00, 0x00, 0x00, 0x00,
    0x00, 0x00, 0x00, 0x00, 0x20, 0xff, 0xdc, 0x00, 0x00, 0x00, 0x00, 0x00, 0x00, 0x00, 0x00, 0x00,
    0x00, 0x00, 0x00, 0x00, 0x20, 0xff, 0xdc, 0x00, 0x00, 0x00, 0x00, 0x00, 0x00, 0x00, 0x00, 0x00,
    0x00, 0x00, 0x00, 0x00, 0x20, 0xff, 0xdc, 0x00, 0x00, 0x00, 0x00, 0x00, 0x00, 0x00, 0x00, 0x00,
    0x00, 0x00, 0x00, 0x00, 0x20, 0xff, 0xdc, 0x00, 0x00, 0x00, 0x00, 0x00, 0x00, 0x00, 0x00, 0x00,

    /* U+0055 "U" */
    0x04, 0xff, 0xfc, 0x00, 0x00, 0x00, 0x00, 0x00, 0x00, 0x00, 0x20, 0xff, 0xd0, 0x00, 0x00, 0x00,
    0x04, 0xff, 0xfc, 0x00, 0x00, 0x00, 0x00, 0x00, 0x00, 0x00, 0x20, 0xff, 0xd0, 0x00, 0x00, 0x00,
    0x04, 0xff, 0xfc, 0x00, 0x00, 0x00, 0x00, 0x00, 0x00, 0x00, 0x20, 0xff, 0xd0, 0x00, 0x00, 0x00,
    0x04, 0xff, 0xfc, 0x00, 0x00, 0x00, 0x00, 0x00, 0x00, 0x00, 0x20, 0xff, 0xd0, 0x00, 0x00, 0x00,
    0x04, 0xff, 0xfc, 0x00, 0x00, 0x00, 0x00, 0x00, 0x00, 0x00, 0x20, 0xff, 0xd0, 0x00, 0x00, 0x00,
    0x04, 0xff, 0xfc, 0x00, 0x00, 0x00, 0x00, 0x00, 0x00, 0x00, 0x20, 0xff, 0xd0, 0x00, 0x00, 0x00,
    0x04, 0xff, 0xfc, 0x00, 0x00, 0x00, 0x00, 0x00, 0x00, 0x00, 0x20, 0xff, 0xd0, 0x00, 0x00, 0x00,
    0x04, 0xff, 0xfc, 0x00, 0x00, 0x00, 0x00, 0x00, 0x00, 0x00, 0x20, 0xff, 0xd0, 0x00, 0x00, 0x00,
    0x01, 0xfd, 0xff, 0x07, 0x00, 0x00, 0x00, 0x00, 0x00, 0x00, 0x2b, 0xff, 0xc9, 0x00, 0x00, 0x00,
    0x00, 0xe0, 0xff, 0x32, 0x00, 0x00, 0x00, 0x00, 0x00, 0x00, 0x55, 0xff, 0xac, 0x00, 0x00, 0x00,
    0x00, 0x9c, 0xff, 0x98, 0x00, 0x00, 0x00, 0x00, 0x00, 0x01, 0xbc, 0xff, 0x6a, 0x00, 0x00, 0x00,
    0x00, 0x2b, 0xfa, 0xff, 0x87, 0x10, 0x00, 0x00, 0x19, 0xa2, 0xff, 0xe7, 0x0e, 0x00, 0x00, 0x00,
    0x00, 0x00, 0x5e, 0xfa, 0xff, 0xfb, 0xdf, 0xe1, 0xfe, 0xff, 0xee, 0x39, 0x00, 0x00, 0x00, 0x00,
    0x00, 0x00, 0x00, 0x2b, 0x9d, 0xe1, 0xfc, 0xf9, 0xd8, 0x8d, 0x19, 0x00, 0x00, 0x00, 0x00, 0x00,

    /* U+0056 "V" */
    0x00, 0xcb, 0xff, 0x5d, 0x00, 0x00, 0x00, 0x00, 0x00, 0x00, 0x00, 0x00, 0x09, 0xec, 0xf7, 0x14,
    0x00, 0x5b, 0xff, 0xcd, 0x00, 0x00, 0x00, 0x00, 0x00, 0x00, 0x00, 0x00, 0x65, 0xff, 0x9b, 0x00,
    0x00, 0x05, 0xe5, 0xff, 0x3e, 0x00, 0x00, 0x00, 0x00, 0x00, 0x00, 0x01, 0xd5, 0xff, 0x2b, 0x00,
    0x00, 0x00, 0x7a, 0xff, 0xac, 0x00, 0x00, 0x00, 0x00, 0x00, 0x00, 0x46, 0xff, 0xba, 0x00, 0x00,
    0x00, 0x00, 0x13, 0xf6, 0xfd, 0x21, 0x00, 0x00, 0x00, 0x00, 0x00, 0xba, 0xff, 0x4b, 0x00, 0x00,
    0x00, 0x00, 0x00, 0x99, 0xff, 0x8d, 0x00, 0x00, 0x00, 0x00, 0x2b, 0xff, 0xd9, 0x02, 0x00, 0x00,
    0x00, 0x00, 0x00, 0x2b, 0xff, 0xf1, 0x0d, 0x00, 0x00, 0x00, 0x9b, 0xff, 0x6a, 0x00, 0x00, 0x00,
    0x00, 0x00, 0x00, 0x00, 0xb8, 0xff, 0x6c, 0x00, 0x00, 0x14, 0xf7, 0xef, 0x0b, 0x00, 0x00, 0x00,
    0x00, 0x00, 0x00, 0x00, 0x46, 0xff, 0xdc, 0x02, 0x00, 0x7e, 0xff, 0x89, 0x00, 0x00, 0x00, 0x00,
    0x00, 0x00, 0x00, 0x00, 0x01, 0xd5, 0xff, 0x4e, 0x06, 0xe6, 0xfc, 0x1d, 0x00, 0x00, 0x00, 0x00,
    0x00, 0x00, 0x00, 0x00, 0x00, 0x66, 0xff, 0xbe, 0x5e, 0xff, 0xaa, 0x00, 0x00, 0x00, 0x00, 0x00,
    0x00, 0x00, 0x00, 0x00, 0x00, 0x09, 0xed, 0xff, 0xe2, 0xff, 0x3a, 0x00, 0x00, 0x00, 0x00, 0x00,
    0x00, 0x00, 0x00, 0x00, 0x00, 0x00, 0x86, 0xff, 0xff, 0xc9, 0x00, 0x00, 0x00, 0x00, 0x00, 0x00,
    0x00, 0x00, 0x00, 0x00, 0x00, 0x00, 0x1b, 0xfb, 0xff, 0x59, 0x00, 0x00, 0x00, 0x00, 0x00, 0x00,

    /* U+0057 "W" */
    0x31, 0xff, 0xde, 0x00, 0x00, 0x00, 0x00, 0x00, 0x00, 0x00, 0xc0, 0xff, 0x6f, 0x00, 0x00, 0x00, 0x00, 0x00, 0x00, 0x2f, 0xff, 0xb5, 0x00, 0x00, 0x00, 0x00, 0x00, 0x00, 0x00, 0x00, 0x00, 0x00,
    0x00, 0xdc, 0xff, 0x33, 0x00, 0x00, 0x00, 0x00, 0x00, 0x1a, 0xfe, 0xff, 0xc4, 0x00, 0x00, 0x00, 0x00, 0x00, 0x00, 0x86, 0xff, 0x60, 0x00, 0x00, 0x00, 0x00, 0x00, 0x00, 0x00, 0x00, 0x00, 0x00,
    0x00, 0x87, 0xff, 0x88, 0x00, 0x00, 0x00, 0x00, 0x00, 0x72, 0xff, 0xfe, 0xff, 0x1d, 0x00, 0x00, 0x00, 0x00, 0x00, 0xdc, 0xfa, 0x11, 0x00, 0x00, 0x00, 0x00, 0x00, 0x00, 0x00, 0x00, 0x00, 0x00,
    0x00, 0x31, 0xff, 0xdd, 0x00, 0x00, 0x00, 0x00, 0x00, 0xca, 0xfb, 0x8f, 0xff, 0x72, 0x00, 0x00, 0x00, 0x00, 0x33, 0xff, 0xb5, 0x00, 0x00, 0x00, 0x00, 0x00, 0x00, 0x00, 0x00, 0x00, 0x00, 0x00,
    0x00, 0x00, 0xdc, 0xff, 0x33, 0x00, 0x00, 0x00, 0x23, 0xff, 0xb6, 0x24, 0xff, 0xc8, 0x00, 0x00, 0x00, 0x00, 0x88, 0xff, 0x60, 0x00, 0x00, 0x00, 0x00, 0x00, 0x00, 0x00, 0x00, 0x00, 0x00, 0x00,
    0x00, 0x00, 0x87, 0xff, 0x88, 0x00, 0x00, 0x00, 0x7b, 0xff, 0x5e, 0x00, 0xcd, 0xff, 0x20, 0x00, 0x00, 0x01, 0xdf, 0xfa, 0x11, 0x00, 0x00, 0x00, 0x00, 0x00, 0x00, 0x00, 0x00, 0x00, 0x00, 0x00,
    0x00, 0x00, 0x31, 0xff, 0xdd, 0x00, 0x00, 0x00, 0xd4, 0xf8, 0x0e, 0x00, 0x76, 0xff, 0x75, 0x00, 0x00, 0x35, 0xff, 0xb4, 0x00, 0x00, 0x00, 0x00, 0x00, 0x00, 0x00, 0x00, 0x00, 0x00, 0x00, 0x00,
    0x00, 0x00, 0x00, 0xdc, 0xff, 0x33, 0x00, 0x2c, 0xff, 0xae, 0x00, 0x00, 0x1f, 0xff, 0xcc, 0x00, 0x00, 0x8c, 0xff, 0x5f, 0x00, 0x00, 0x00, 0x00, 0x00, 0x00, 0x00, 0x00, 0x00, 0x00, 0x00, 0x00,
    0x00, 0x00, 0x00, 0x87, 0xff, 0x88, 0x00, 0x84, 0xff, 0x56, 0x00, 0x00, 0x00, 0xc8, 0xff, 0x23, 0x01, 0xe2, 0xf9, 0x10, 0x00, 0x00, 0x00, 0x00, 0x00, 0x00, 0x00, 0x00, 0x00, 0x00, 0x00, 0x00,
    0x00, 0x00, 0x00, 0x30, 0xff, 0xdc, 0x00, 0xdd, 0xf5, 0x0a, 0x00, 0x00, 0x00, 0x70, 0xff, 0x78, 0x38, 0xff, 0xb4, 0x00, 0x00, 0x00, 0x00, 0x00, 0x00, 0x00, 0x00, 0x00, 0x00, 0x00, 0x00, 0x00,
    0x00, 0x00, 0x00, 0x00, 0xdb, 0xff, 0x67, 0xff, 0xa8, 0x00, 0x00, 0x00, 0x00, 0x1b, 0xfe, 0xcf, 0x8f, 0xff, 0x5f, 0x00, 0x00, 0x00, 0x00, 0x00, 0x00, 0x00, 0x00, 0x00, 0x00, 0x00, 0x00, 0x00,
    0x00, 0x00, 0x00, 0x00, 0x85, 0xff, 0xf5, 0xff, 0x50, 0x00, 0x00, 0x00, 0x00, 0x00, 0xc2, 0xff, 0xf0, 0xf9, 0x10, 0x00, 0x00, 0x00, 0x00, 0x00, 0x00, 0x00, 0x00, 0x00, 0x00, 0x00, 0x00, 0x00,
    0x00, 0x00, 0x00, 0x00, 0x30, 0xff, 0xff, 0xf1, 0x07, 0x00, 0x00, 0x00, 0x00, 0x00, 0x6b, 0xff, 0xff, 0xb4, 0x00, 0x00, 0x00, 0x00, 0x00, 0x00, 0x00, 0x00, 0x00, 0x00, 0x00, 0x00, 0x00, 0x00,
    0x00, 0x00, 0x00, 0x00, 0x00, 0xdb, 0xff, 0xa0, 0x00, 0x00, 0x00, 0x00, 0x00, 0x00, 0x17, 0xfd, 0xff, 0x5f, 0x00, 0x00, 0x00, 0x00, 0x00, 0x00, 0x00, 0x00, 0x00, 0x00, 0x00, 0x00, 0x00, 0x00,

    /* U+0058 "X" */
    0x20, 0xf0, 0xfc, 0x3b, 0x00, 0x00, 0x00, 0x00, 0x00, 0x01, 0xb4, 0xff, 0x7c, 0x00, 0x00, 0x00,
    0x00, 0x55, 0xff, 0xe2, 0x11, 0x00, 0x00, 0x00, 0x00, 0x6e, 0xff, 0xbd, 0x02, 0x00, 0x00, 0x00,
    0x00, 0x00, 0x9d, 0xff, 0xac, 0x00, 0x00, 0x00, 0x2e, 0xf9, 0xea, 0x19, 0x00, 0x00, 0x00, 0x00,
    0x00, 0x00, 0x0b, 0xd8, 0xff, 0x66, 0x00, 0x0b, 0xd6, 0xff, 0x4a, 0x00, 0x00, 0x00, 0x00, 0x00,
    0x00, 0x00, 0x00, 0x32, 0xf9, 0xf6, 0x2b, 0x9a, 0xff, 0x8c, 0x00, 0x00, 0x00, 0x00, 0x00, 0x00,
    0x00, 0x00, 0x00, 0x00, 0x70, 0xff, 0xe9, 0xff, 0xcc, 0x06, 0x00, 0x00, 0x00, 0x00, 0x00, 0x00,
    0x00, 0x00, 0x00, 0x00, 0x01, 0xbc, 0xff, 0xff, 0x24, 0x00, 0x00, 0x00, 0x00, 0x00, 0x00, 0x00,
    0x00, 0x00, 0x00, 0x00, 0x14, 0xe5, 0xff, 0xff, 0x71, 0x00, 0x00, 0x00, 0x00, 0x00, 0x00, 0x00,
    0x00, 0x00, 0x00, 0x01, 0xb4, 0xff, 0x9b, 0xf2, 0xf9, 0x32, 0x00, 0x00, 0x00, 0x00, 0x00, 0x00,
    0x00, 0x00, 0x00, 0x71, 0xff, 0xc5, 0x04, 0x5d, 0xff, 0xda, 0x0c, 0x00, 0x00, 0x00, 0x00, 0x00,
    0x00, 0x00, 0x32, 0xf9, 0xf2, 0x21, 0x00, 0x00, 0xa3, 0xff, 0xa3, 0x00, 0x00, 0x00, 0x00, 0x00,
    0x00, 0x0c, 0xda, 0xff, 0x5a, 0x00, 0x00, 0x00, 0x0d, 0xdc, 0xff, 0x5f, 0x00, 0x00, 0x00, 0x00,
    0x00, 0xa3, 0xff, 0xa4, 0x00, 0x00, 0x00, 0x00, 0x00, 0x34, 0xfa, 0xf4, 0x26, 0x00, 0x00, 0x00,
    0x5d, 0xff, 0xde, 0x0e, 0x00, 0x00, 0x00, 0x00, 0x00, 0x00, 0x75, 0xff, 0xce, 0x07, 0x00, 0x00,

    /* U+0059 "Y" */
    0x01, 0xc5, 0xff, 0x5e, 0x00, 0x00, 0x00, 0x00, 0x00, 0x00, 0x00, 0x42, 0xff, 0xb7, 0x00, 0x00,
    0x00, 0x2e, 0xfc, 0xe9, 0x10, 0x00, 0x00, 0x00, 0x00, 0x00, 0x06, 0xd8, 0xf8, 0x23, 0x00, 0x00,
    0x00, 0x00, 0x8f, 0xff, 0x94, 0x00, 0x00, 0x00, 0x00, 0x00, 0x7b, 0xff, 0x80, 0x00, 0x00, 0x00,
    0x00, 0x00, 0x0d, 0xe5, 0xfd, 0x32, 0x00, 0x00, 0x00, 0x21, 0xf6, 0xdb, 0x07, 0x00, 0x00, 0x00,
    0x00, 0x00, 0x00, 0x56, 0xff, 0xc8, 0x02, 0x00, 0x00, 0xb2, 0xff, 0x49, 0x00, 0x00, 0x00, 0x00,
    0x00, 0x00, 0x00, 0x00, 0xbb, 0xff, 0x67, 0x00, 0x50, 0xff, 0xac, 0x00, 0x00, 0x00, 0x00, 0x00,
    0x00, 0x00, 0x00, 0x00, 0x25, 0xf9, 0xee, 0x1f, 0xe1, 0xf4, 0x1d, 0x00, 0x00, 0x00, 0x00, 0x00,
    0x00, 0x00, 0x00, 0x00, 0x00, 0x83, 0xff, 0xed, 0xff, 0x76, 0x00, 0x00, 0x00, 0x00, 0x00, 0x00,
    0x00, 0x00, 0x00, 0x00, 0x00, 0x09, 0xdf, 0xff, 0xd4, 0x05, 0x00, 0x00, 0x00, 0x00, 0x00, 0x00,
    0x00, 0x00, 0x00, 0x00, 0x00, 0x00, 0x86, 0xff, 0x7a, 0x00, 0x00, 0x00, 0x00, 0x00, 0x00, 0x00,
    0x00, 0x00, 0x00, 0x00, 0x00, 0x00, 0x84, 0xff, 0x74, 0x00, 0x00, 0x00, 0x00, 0x00, 0x00, 0x00,
    0x00, 0x00, 0x00, 0x00, 0x00, 0x00, 0x84, 0xff, 0x74, 0x00, 0x00, 0x00, 0x00, 0x00, 0x00, 0x00,
    0x00, 0x00, 0x00, 0x00, 0x00, 0x00, 0x84, 0xff, 0x74, 0x00, 0x00, 0x00, 0x00, 0x00, 0x00, 0x00,
    0x00, 0x00, 0x00, 0x00, 0x00, 0x00, 0x84, 0xff, 0x74, 0x00, 0x00, 0x00, 0x00, 0x00, 0x00, 0x00,

    /* U+005A "Z" */
    0x00, 0xff, 0xff, 0xff, 0xff, 0xff, 0xff, 0xff, 0xff, 0xff, 0xff, 0xff, 0x4c, 0x00, 0x00, 0x00,
    0x00, 0xcc, 0xcc, 0xcc, 0xcc, 0xcc, 0xcc, 0xcc, 0xcc, 0xe5, 0xff, 0xfb, 0x2d, 0x00, 0x00, 0x00,
    0x00, 0x00, 0x00, 0x00, 0x00, 0x00, 0x00, 0x00, 0x14, 0xdf, 0xff, 0x6a, 0x00, 0x00, 0x00, 0x00,
    0x00, 0x00, 0x00, 0x00, 0x00, 0x00, 0x00, 0x04, 0xbe, 0xff, 0x9d, 0x00, 0x00, 0x00, 0x00, 0x00,
    0x00, 0x00, 0x00, 0x00, 0x00, 0x00, 0x00, 0x92, 0xff, 0xc5, 0x06, 0x00, 0x00, 0x00, 0x00, 0x00,
    0x00, 0x00, 0x00, 0x00, 0x00, 0x00, 0x62, 0xff, 0xe5, 0x18, 0x00, 0x00, 0x00, 0x00, 0x00, 0x00,
    0x00, 0x00, 0x00, 0x00, 0x00, 0x37, 0xf9, 0xf8, 0x36, 0x00, 0x00, 0x00, 0x00, 0x00, 0x00, 0x00,
    0x00, 0x00, 0x00, 0x00, 0x1a, 0xe6, 0xff, 0x61, 0x00, 0x00, 0x00, 0x00, 0x00, 0x00, 0x00, 0x00,
    0x00, 0x00, 0x00, 0x07, 0xc9, 0xff, 0x92, 0x00, 0x00, 0x00, 0x00, 0x00, 0x00, 0x00, 0x00, 0x00,
    0x00, 0x00, 0x00, 0x9e, 0xff, 0xbf, 0x04, 0x00, 0x00, 0x00, 0x00, 0x00, 0x00, 0x00, 0x00, 0x00,
    0x00, 0x00, 0x6e, 0xff, 0xe1, 0x15, 0x00, 0x00, 0x00, 0x00, 0x00, 0x00, 0x00, 0x00, 0x00, 0x00,
    0x00, 0x42, 0xfc, 0xf5, 0x2f, 0x00, 0x00, 0x00, 0x00, 0x00, 0x00, 0x00, 0x00, 0x00, 0x00, 0x00,
    0x11, 0xec, 0xff, 0xed, 0xc8, 0xc8, 0xc8, 0xc8, 0xc8, 0xc8, 0xc8, 0xc8, 0x71, 0x00, 0x00, 0x00,
    0x24, 0xff, 0xff, 0xff, 0xff, 0xff, 0xff, 0xff, 0xff, 0xff, 0xff, 0xff, 0x90, 0x00, 0x00, 0x00,

    /* U+0061 "a" */
    0x02, 0x58, 0xb3, 0xe8, 0xfe, 0xf3, 0xc0, 0x4c, 0x00, 0x00, 0x00, 0x00, 0x00, 0x00, 0x00, 0x00,
    0x81, 0xff, 0xfd, 0xce, 0xb8, 0xd8, 0xff, 0xff, 0x60, 0x00, 0x00, 0x00, 0x00, 0x00, 0x00, 0x00,
    0x26, 0xa1, 0x1c, 0x00, 0x00, 0x00, 0x63, 0xff, 0xe8, 0x03, 0x00, 0x00, 0x00, 0x00, 0x00, 0x00,
    0x00, 0x00, 0x00, 0x00, 0x00, 0x00, 0x00, 0xd3, 0xff, 0x27, 0x00, 0x00, 0x00, 0x00, 0x00, 0x00,
    0x00, 0x00, 0x01, 0x12, 0x1c, 0x1c, 0x1c, 0xbf, 0xff, 0x37, 0x00, 0x00, 0x00, 0x00, 0x00, 0x00,
    0x09, 0x8d, 0xec, 0xff, 0xff, 0xff, 0xff, 0xff, 0xff, 0x38, 0x00, 0x00, 0x00, 0x00, 0x00, 0x00,
    0x9e, 0xff, 0xbc, 0x5d, 0x4d, 0x4c, 0x4c, 0xcd, 0xff, 0x38, 0x00, 0x00, 0x00, 0x00, 0x00, 0x00,
    0xf5, 0xf5, 0x09, 0x00, 0x00, 0x00, 0x00, 0xb8, 0xff, 0x38, 0x00, 0x00, 0x00, 0x00, 0x00, 0x00,
    0xed, 0xf9, 0x14, 0x00, 0x00, 0x00, 0x35, 0xf9, 0xff, 0x38, 0x00, 0x00, 0x00, 0x00, 0x00, 0x00,
    0x7f, 0xff, 0xdb, 0x78, 0x68, 0x9b, 0xf8, 0xea, 0xff, 0x38, 0x00, 0x00, 0x00, 0x00, 0x00, 0x00,
    0x01, 0x68, 0xd1, 0xfa, 0xf7, 0xcb, 0x5c, 0x98, 0xff, 0x38, 0x00, 0x00, 0x00, 0x00, 0x00, 0x00,

    /* U+0062 "b" */
    0x30, 0xff, 0xbc, 0x00, 0x00, 0x00, 0x00, 0x00, 0x00, 0x00, 0x00, 0x00, 0x00, 0x00, 0x00, 0x00,
    0x30, 0xff, 0xbc, 0x00, 0x00, 0x00, 0x00, 0x00, 0x00, 0x00, 0x00, 0x00, 0x00, 0x00, 0x00, 0x00,
    0x30, 0xff, 0xbc, 0x00, 0x00, 0x00, 0x00, 0x00, 0x00, 0x00, 0x00, 0x00, 0x00, 0x00, 0x00, 0x00,
    0x30, 0xff, 0xbc, 0x00, 0x00, 0x00, 0x00, 0x00, 0x00, 0x00, 0x00, 0x00, 0x00, 0x00, 0x00, 0x00,
    0x30, 0xff, 0xbc, 0x1b, 0x9a, 0xe8, 0xfc, 0xe5, 0x9f, 0x24, 0x00, 0x00, 0x00, 0x00, 0x00, 0x00,
    0x30, 0xff, 0xd8, 0xe8, 0xff, 0xd5, 0xc1, 0xec, 0xff, 0xf4, 0x43, 0x00, 0x00, 0x00, 0x00, 0x00,
    0x30, 0xff, 0xff, 0xe2, 0x35, 0x00, 0x00, 0x05, 0x7c, 0xff, 0xed, 0x14, 0x00, 0x00, 0x00, 0x00,
    0x30, 0xff, 0xff, 0x35, 0x00, 0x00, 0x00, 0x00, 0x00, 0xa2, 0xff, 0x79, 0x00, 0x00, 0x00, 0x00,
    0x30, 0xff, 0xd5, 0x00, 0x00, 0x00, 0x00, 0x00, 0x00, 0x41, 0xff, 0xb7, 0x00, 0x00, 0x00, 0x00,
    0x30, 0xff, 0xc0, 0x00, 0x00, 0x00, 0x00, 0x00, 0x00, 0x27, 0xff, 0xca, 0x00, 0x00, 0x00, 0x00,
    0x30, 0xff, 0xd8, 0x00, 0x00, 0x00, 0x00, 0x00, 0x00, 0x44, 0xff, 0xb6, 0x00, 0x00, 0x00, 0x00,
    0x30, 0xff, 0xff, 0x38, 0x00, 0x00, 0x00, 0x00, 0x00, 0xa4, 0xff, 0x79, 0x00, 0x00, 0x00, 0x00,
    0x30, 0xff, 0xff, 0xe2, 0x35, 0x00, 0x00, 0x05, 0x7d, 0xff, 0xed, 0x14, 0x00, 0x00, 0x00, 0x00,
    0x30, 0xff, 0xca, 0xea, 0xff, 0xd5, 0xc1, 0xec, 0xff, 0xf4, 0x43, 0x00, 0x00, 0x00, 0x00, 0x00,
    0x30, 0xff, 0xa8, 0x1d, 0x9d, 0xe9, 0xfc, 0xe5, 0x9f, 0x24, 0x00, 0x00, 0x00, 0x00, 0x00, 0x00,

    /* U+0063 "c" */
    0x00, 0x00, 0x00, 0x40, 0xb1, 0xec, 0xfd, 0xe7, 0xa1, 0x26, 0x00, 0x00, 0x00, 0x00, 0x00, 0x00,
    0x00, 0x00, 0x81, 0xff, 0xff, 0xda, 0xc0, 0xe7, 0xff, 0xf3, 0x36, 0x00, 0x00, 0x00, 0x00, 0x00,
    0x00, 0x55, 0xff, 0xea, 0x40, 0x00, 0x00, 0x02, 0x6d, 0xf7, 0x66, 0x00, 0x00, 0x00, 0x00, 0x00,
    0x00, 0xd1, 0xff, 0x47, 0x00, 0x00, 0x00, 0x00, 0x00, 0x15, 0x00, 0x00, 0x00, 0x00, 0x00, 0x00,
    0x12, 0xff, 0xe5, 0x00, 0x00, 0x00, 0x00, 0x00, 0x00, 0x00, 0x00, 0x00, 0x00, 0x00, 0x00, 0x00,
    0x26, 0xff, 0xca, 0x00, 0x00, 0x00, 0x00, 0x00, 0x00, 0x00, 0x00, 0x00, 0x00, 0x00, 0x00, 0x00,
    0x11, 0xff, 0xe7, 0x00, 0x00, 0x00, 0x00, 0x00, 0x00, 0x00, 0x00, 0x00, 0x00, 0x00, 0x00, 0x00,
    0x00, 0xcf, 0xff, 0x49, 0x00, 0x00, 0x00, 0x00, 0x00, 0x15, 0x00, 0x00, 0x00, 0x00, 0x00, 0x00,
    0x00, 0x51, 0xff, 0xeb, 0x40, 0x00, 0x00, 0x02, 0x6d, 0xf8, 0x69, 0x00, 0x00, 0x00, 0x00, 0x00,
    0x00, 0x00, 0x7e, 0xff, 0xff, 0xda, 0xc0, 0xe6, 0xff, 0xef, 0x30, 0x00, 0x00, 0x00, 0x00, 0x00,
    0x00, 0x00, 0x00, 0x3e, 0xb1, 0xec, 0xfd, 0xe5, 0x9c, 0x1f, 0x00, 0x00, 0x00, 0x00, 0x00, 0x00,

    /* U+0064 "d" */
    0x00, 0x00, 0x00, 0x00, 0x00, 0x00, 0x00, 0x00, 0x00, 0x18, 0xff, 0xd0, 0x00, 0x00, 0x00, 0x00,
    0x00, 0x00, 0x00, 0x00, 0x00, 0x00, 0x00, 0x00, 0x00, 0x18, 0xff, 0xd0, 0x00, 0x00, 0x00, 0x00,
    0x00, 0x00, 0x00, 0x00, 0x00, 0x00, 0x00, 0x00, 0x00, 0x18, 0xff, 0xd0, 0x00, 0x00, 0x00, 0x00,
    0x00, 0x00, 0x00, 0x00, 0x00, 0x00, 0x00, 0x00, 0x00, 0x18, 0xff, 0xd0, 0x00, 0x00, 0x00, 0x00,
    0x00, 0x00, 0x00, 0x50, 0xbd, 0xf2, 0xfa, 0xd2, 0x70, 0x1c, 0xff, 0xd0, 0x00, 0x00, 0x00, 0x00,
    0x00, 0x00, 0x94, 0xff, 0xff, 0xd8, 0xc0, 0xe9, 0xff, 0xc1, 0xff, 0xd0, 0x00, 0x00, 0x00, 0x00,
    0x00, 0x5f, 0xff, 0xea, 0x3f, 0x00, 0x00, 0x03, 0x71, 0xfe, 0xff, 0xd0, 0x00, 0x00, 0x00, 0x00,
    0x00, 0xd5, 0xff, 0x47, 0x00, 0x00, 0x00, 0x00, 0x00, 0x93, 0xff, 0xd0, 0x00, 0x00, 0x00, 0x00,
    0x13, 0xff, 0xe5, 0x00, 0x00, 0x00, 0x00, 0x00, 0x00, 0x31, 0xff, 0xd0, 0x00, 0x00, 0x00, 0x00,
    0x26, 0xff, 0xca, 0x00, 0x00, 0x00, 0x00, 0x00, 0x00, 0x17, 0xff, 0xd0, 0x00, 0x00, 0x00, 0x00,
    0x13, 0xff, 0xe7, 0x01, 0x00, 0x00, 0x00, 0x00, 0x00, 0x34, 0xff, 0xd0, 0x00, 0x00, 0x00, 0x00,
    0x00, 0xd5, 0xff, 0x4a, 0x00, 0x00, 0x00, 0x00, 0x00, 0x94, 0xff, 0xd0, 0x00, 0x00, 0x00, 0x00,
    0x00, 0x5e, 0xff, 0xea, 0x3f, 0x00, 0x00, 0x03, 0x71, 0xfe, 0xff, 0xd0, 0x00, 0x00, 0x00, 0x00,
    0x00, 0x00, 0x94, 0xff, 0xff, 0xd8, 0xc0, 0xe9, 0xff, 0xb4, 0xff, 0xd0, 0x00, 0x00, 0x00, 0x00,
    0x00, 0x00, 0x00, 0x50, 0xbe, 0xf2, 0xfb, 0xd5, 0x73, 0x08, 0xff, 0xd0, 0x00, 0x00, 0x00, 0x00,

    /* U+0065 "e" */
    0x00, 0x00, 0x00, 0x51, 0xbf, 0xf4, 0xfa, 0xd3, 0x77, 0x06, 0x00, 0x00, 0x00, 0x00, 0x00, 0x00,
    0x00, 0x00, 0x94, 0xff, 0xf8, 0xbe, 0xb3, 0xe9, 0xff, 0xc6, 0x0b, 0x00, 0x00, 0x00, 0x00, 0x00,
    0x00, 0x5e, 0xff, 0xce, 0x1c, 0x00, 0x00, 0x07, 0x9b, 0xff, 0x94, 0x00, 0x00, 0x00, 0x00, 0x00,
    0x00, 0xd5, 0xfd, 0x23, 0x00, 0x00, 0x00, 0x00, 0x04, 0xd7, 0xf8, 0x10, 0x00, 0x00, 0x00, 0x00,
    0x13, 0xff, 0xd2, 0x14, 0x14, 0x14, 0x14, 0x14, 0x14, 0x91, 0xff, 0x49, 0x00, 0x00, 0x00, 0x00,
    0x26, 0xff, 0xff, 0xff, 0xff, 0xff, 0xff, 0xff, 0xff, 0xff, 0xff, 0x64, 0x00, 0x00, 0x00, 0x00,
    0x11, 0xff, 0xe5, 0x44, 0x44, 0x44, 0x44, 0x44, 0x44, 0x44, 0x44, 0x1a, 0x00, 0x00, 0x00, 0x00,
    0x00, 0xd0, 0xff, 0x3c, 0x00, 0x00, 0x00, 0x00, 0x00, 0x00, 0x00, 0x00, 0x00, 0x00, 0x00, 0x00,
    0x00, 0x53, 0xff, 0xe7, 0x42, 0x00, 0x00, 0x00, 0x25, 0xb1, 0x25, 0x00, 0x00, 0x00, 0x00, 0x00,
    0x00, 0x00, 0x80, 0xff, 0xff, 0xdf, 0xc0, 0xd3, 0xfe, 0xff, 0x68, 0x00, 0x00, 0x00, 0x00, 0x00,
    0x00, 0x00, 0x00, 0x3e, 0xad, 0xea, 0xfd, 0xed, 0xb1, 0x3f, 0x00, 0x00, 0x00, 0x00, 0x00, 0x00,

    /* U+0066 "f" */
    0x00, 0x00, 0x00, 0x6e, 0xdb, 0xfc, 0xe5, 0x6c, 0x00, 0x00, 0x00, 0x00, 0x00, 0x00, 0x00, 0x00,
    0x00, 0x00, 0x65, 0xff, 0xed, 0xa8, 0xc1, 0x69, 0x00, 0x00, 0x00, 0x00, 0x00, 0x00, 0x00, 0x00,
    0x00, 0x00, 0xca, 0xff, 0x34, 0x00, 0x00, 0x01, 0x00, 0x00, 0x00, 0x00, 0x00, 0x00, 0x00, 0x00,
    0x00, 0x00, 0xe7, 0xfd, 0x01, 0x00, 0x00, 0x00, 0x00, 0x00, 0x00, 0x00, 0x00, 0x00, 0x00, 0x00,
    0xb4, 0xff, 0xff, 0xff, 0xff, 0xff, 0xff, 0x10, 0x00, 0x00, 0x00, 0x00, 0x00, 0x00, 0x00, 0x00,
    0x71, 0xa0, 0xfa, 0xff, 0xa2, 0xa0, 0xa0, 0x0a, 0x00, 0x00, 0x00, 0x00, 0x00, 0x00, 0x00, 0x00,
    0x00, 0x00, 0xe8, 0xff, 0x04, 0x00, 0x00, 0x00, 0x00, 0x00, 0x00, 0x00, 0x00, 0x00, 0x00, 0x00,
    0x00, 0x00, 0xe8, 0xff, 0x04, 0x00, 0x00, 0x00, 0x00, 0x00, 0x00, 0x00, 0x00, 0x00, 0x00, 0x00,
    0x00, 0x00, 0xe8, 0xff, 0x04, 0x00, 0x00, 0x00, 0x00, 0x00, 0x00, 0x00, 0x00, 0x00, 0x00, 0x00,
    0x00, 0x00, 0xe8, 0xff, 0x04, 0x00, 0x00, 0x00, 0x00, 0x00, 0x00, 0x00, 0x00, 0x00, 0x00, 0x00,
    0x00, 0x00, 0xe8, 0xff, 0x04, 0x00, 0x00, 0x00, 0x00, 0x00, 0x00, 0x00, 0x00, 0x00, 0x00, 0x00,
    0x00, 0x00, 0xe8, 0xff, 0x04, 0x00, 0x00, 0x00, 0x00, 0x00, 0x00, 0x00, 0x00, 0x00, 0x00, 0x00,
    0x00, 0x00, 0xe8, 0xff, 0x04, 0x00, 0x00, 0x00, 0x00, 0x00, 0x00, 0x00, 0x00, 0x00, 0x00, 0x00,
    0x00, 0x00, 0xe8, 0xff, 0x04, 0x00, 0x00, 0x00, 0x00, 0x00, 0x00, 0x00, 0x00, 0x00, 0x00, 0x00,
    0x00, 0x00, 0xe8, 0xff, 0x04, 0x00, 0x00, 0x00, 0x00, 0x00, 0x00, 0x00, 0x00, 0x00, 0x00, 0x00,

    /* U+0067 "g" */
    0x00, 0x00, 0x00, 0x4e, 0xbd, 0xf2, 0xfb, 0xd6, 0x7c, 0x08, 0xdc, 0xf4, 0x00, 0x00, 0x00, 0x00,
    0x00, 0x00, 0x90, 0xff, 0xfc, 0xbf, 0xa4, 0xc7, 0xff, 0xc7, 0xe5, 0xf4, 0x00, 0x00, 0x00, 0x00,
    0x00, 0x5d, 0xff, 0xdf, 0x2a, 0x00, 0x00, 0x00, 0x3c, 0xef, 0xff, 0xf4, 0x00, 0x00, 0x00, 0x00,
    0x00, 0xd4, 0xff, 0x3e, 0x00, 0x00, 0x00, 0x00, 0x00, 0x62, 0xff, 0xf4, 0x00, 0x00, 0x00, 0x00,
    0x13, 0xff, 0xe3, 0x00, 0x00, 0x00, 0x00, 0x00, 0x00, 0x0a, 0xff, 0xf4, 0x00, 0x00, 0x00, 0x00,
    0x26, 0xff, 0xcb, 0x00, 0x00, 0x00, 0x00, 0x00, 0x00, 0x00, 0xf9, 0xf4, 0x00, 0x00, 0x00, 0x00,
    0x12, 0xff, 0xe9, 0x01, 0x00, 0x00, 0x00, 0x00, 0x00, 0x10, 0xff, 0xf4, 0x00, 0x00, 0x00, 0x00,
    0x00, 0xd3, 0xff, 0x4f, 0x00, 0x00, 0x00, 0x00, 0x00, 0x74, 0xff, 0xf4, 0x00, 0x00, 0x00, 0x00,
    0x00, 0x58, 0xff, 0xee, 0x44, 0x00, 0x00, 0x01, 0x5b, 0xf9, 0xff, 0xf4, 0x00, 0x00, 0x00, 0x00,
    0x00, 0x00, 0x8b, 0xff, 0xff, 0xd8, 0xbc, 0xe0, 0xff, 0xc2, 0xf7, 0xf3, 0x00, 0x00, 0x00, 0x00,
    0x00, 0x00, 0x00, 0x4c, 0xbc, 0xf2, 0xfb, 0xd6, 0x79, 0x0a, 0xfd, 0xe3, 0x00, 0x00, 0x00, 0x00,
    0x00, 0x00, 0x00, 0x00, 0x00, 0x00, 0x00, 0x00, 0x00, 0x3e, 0xff, 0xb4, 0x00, 0x00, 0x00, 0x00,
    0x00, 0x11, 0xa6, 0x3f, 0x02, 0x00, 0x00, 0x00, 0x25, 0xd6, 0xff, 0x59, 0x00, 0x00, 0x00, 0x00,
    0x00, 0x51, 0xfb, 0xff, 0xef, 0xc5, 0xbc, 0xd3, 0xfe, 0xff, 0xa7, 0x01, 0x00, 0x00, 0x00, 0x00,
    0x00, 0x00, 0x24, 0x89, 0xcd, 0xf3, 0xfe, 0xef, 0xbf, 0x5e, 0x01, 0x00, 0x00, 0x00, 0x00, 0x00,

    /* U+0068 "h" */
    0x30, 0xff, 0xbc, 0x00, 0x00, 0x00, 0x00, 0x00, 0x00, 0x00, 0x00, 0x00, 0x00, 0x00, 0x00, 0x00,
    0x30, 0xff, 0xbc, 0x00, 0x00, 0x00, 0x00, 0x00, 0x00, 0x00, 0x00, 0x00, 0x00, 0x00, 0x00, 0x00,
    0x30, 0xff, 0xbc, 0x00, 0x00, 0x00, 0x00, 0x00, 0x00, 0x00, 0x00, 0x00, 0x00, 0x00, 0x00, 0x00,
    0x30, 0xff, 0xbc, 0x00, 0x00, 0x00, 0x00, 0x00, 0x00, 0x00, 0x00, 0x00, 0x00, 0x00, 0x00, 0x00,
    0x30, 0xff, 0xbc, 0x23, 0xa1, 0xe9, 0xfe, 0xe7, 0x98, 0x16, 0x00, 0x00, 0x00, 0x00, 0x00, 0x00,
    0x30, 0xff, 0xdf, 0xf0, 0xfd, 0xd2, 0xce, 0xfa, 0xff, 0xdb, 0x0f, 0x00, 0x00, 0x00, 0x00, 0x00,
    0x30, 0xff, 0xff, 0xcc, 0x21, 0x00, 0x00, 0x1c, 0xd4, 0xff, 0x7e, 0x00, 0x00, 0x00, 0x00, 0x00,
    0x30, 0xff, 0xfd, 0x22, 0x00, 0x00, 0x00, 0x00, 0x48, 0xff, 0xc5, 0x00, 0x00, 0x00, 0x00, 0x00,
    0x30, 0xff, 0xd1, 0x00, 0x00, 0x00, 0x00, 0x00, 0x13, 0xff, 0xdd, 0x00, 0x00, 0x00, 0x00, 0x00,
    0x30, 0xff, 0xbd, 0x00, 0x00, 0x00, 0x00, 0x00, 0x0c, 0xff, 0xe0, 0x00, 0x00, 0x00, 0x00, 0x00,
    0x30, 0xff, 0xbc, 0x00, 0x00, 0x00, 0x00, 0x00, 0x0c, 0xff, 0xe0, 0x00, 0x00, 0x00, 0x00, 0x00,
    0x30, 0xff, 0xbc, 0x00, 0x00, 0x00, 0x00, 0x00, 0x0c, 0xff, 0xe0, 0x00, 0x00, 0x00, 0x00, 0x00,
    0x30, 0xff, 0xbc, 0x00, 0x00, 0x00, 0x00, 0x00, 0x0c, 0xff, 0xe0, 0x00, 0x00, 0x00, 0x00, 0x00,
    0x30, 0xff, 0xbc, 0x00, 0x00, 0x00, 0x00, 0x00, 0x0c, 0xff, 0xe0, 0x00, 0x00, 0x00, 0x00, 0x00,
    0x30, 0xff, 0xbc, 0x00, 0x00, 0x00, 0x00, 0x00, 0x0c, 0xff, 0xe0, 0x00, 0x00, 0x00, 0x00, 0x00,

    /* U+0069 "i" */
    0x3b, 0xef, 0xbe, 0x01, 0x00, 0x00, 0x00, 0x00, 0x00, 0x00, 0x00, 0x00, 0x00, 0x00, 0x00, 0x00,
    0x77, 0xff, 0xfc, 0x0a, 0x00, 0x00, 0x00, 0x00, 0x00, 0x00, 0x00, 0x00, 0x00, 0x00, 0x00, 0x00,
    0x0f, 0x83, 0x52, 0x00, 0x00, 0x00, 0x00, 0x00, 0x00, 0x00, 0x00, 0x00, 0x00, 0x00, 0x00, 0x00,
    0x00, 0x00, 0x00, 0x00, 0x00, 0x00, 0x00, 0x00, 0x00, 0x00, 0x00, 0x00, 0x00, 0x00, 0x00, 0x00,
    0x30, 0xff, 0xbc, 0x00, 0x00, 0x00, 0x00, 0x00, 0x00, 0x00, 0x00, 0x00, 0x00, 0x00, 0x00, 0x00,
    0x30, 0xff, 0xbc, 0x00, 0x00, 0x00, 0x00, 0x00, 0x00, 0x00, 0x00, 0x00, 0x00, 0x00, 0x00, 0x00,
    0x30, 0xff, 0xbc, 0x00, 0x00, 0x00, 0x00, 0x00, 0x00, 0x00, 0x00, 0x00, 0x00, 0x00, 0x00, 0x00,
    0x30, 0xff, 0xbc, 0x00, 0x00, 0x00, 0x00, 0x00, 0x00, 0x00, 0x00, 0x00, 0x00, 0x00, 0x00, 0x00,
    0x30, 0xff, 0xbc, 0x00, 0x00, 0x00, 0x00, 0x00, 0x00, 0x00, 0x00, 0x00, 0x00, 0x00, 0x00, 0x00,
    0x30, 0xff, 0xbc, 0x00, 0x00, 0x00, 0x00, 0x00, 0x00, 0x00, 0x00, 0x00, 0x00, 0x00, 0x00, 0x00,
    0x30, 0xff, 0xbc, 0x00, 0x00, 0x00, 0x00, 0x00, 0x00, 0x00, 0x00, 0x00, 0x00, 0x00, 0x00, 0x00,
    0x30, 0xff, 0xbc, 0x00, 0x00, 0x00, 0x00, 0x00, 0x00, 0x00, 0x00, 0x00, 0x00, 0x00, 0x00, 0x00,
    0x30, 0xff, 0xbc, 0x00, 0x00, 0x00, 0x00, 0x00, 0x00, 0x00, 0x00, 0x00, 0x00, 0x00, 0x00, 0x00,
    0x30, 0xff, 0xbc, 0x00, 0x00, 0x00, 0x00, 0x00, 0x00, 0x00, 0x00, 0x00, 0x00, 0x00, 0x00, 0x00,
    0x30, 0xff, 0xbc, 0x00, 0x00, 0x00, 0x00, 0x00, 0x00, 0x00, 0x00, 0x00, 0x00, 0x00, 0x00, 0x00,

    /* U+006A "j" */
    0x00, 0x00, 0x00, 0x2b, 0xe9, 0xce, 0x0a, 0x00, 0x00, 0x00, 0x00, 0x00, 0x00, 0x00, 0x00, 0x00,
    0x00, 0x00, 0x00, 0x5f, 0xff, 0xff, 0x22, 0x00, 0x00, 0x00, 0x00, 0x00, 0x00, 0x00, 0x00, 0x00,
    0x00, 0x00, 0x00, 0x07, 0x7d, 0x61, 0x00, 0x00, 0x00, 0x00, 0x00, 0x00, 0x00, 0x00, 0x00, 0x00,
    0x00, 0x00, 0x00, 0x00, 0x00, 0x00, 0x00, 0x00, 0x00, 0x00, 0x00, 0x00, 0x00, 0x00, 0x00, 0x00,
    0x00, 0x00, 0x00, 0x14, 0xff, 0xd8, 0x00, 0x00, 0x00, 0x00, 0x00, 0x00, 0x00, 0x00, 0x00, 0x00,
    0x00, 0x00, 0x00, 0x14, 0xff, 0xd8, 0x00, 0x00, 0x00, 0x00, 0x00, 0x00, 0x00, 0x00, 0x00, 0x00,
    0x00, 0x00, 0x00, 0x14, 0xff, 0xd8, 0x00, 0x00, 0x00, 0x00, 0x00, 0x00, 0x00, 0x00, 0x00, 0x00,
    0x00, 0x00, 0x00, 0x14, 0xff, 0xd8, 0x00, 0x00, 0x00, 0x00, 0x00, 0x00, 0x00, 0x00, 0x00, 0x00,
    0x00, 0x00, 0x00, 0x14, 0xff, 0xd8, 0x00, 0x00, 0x00, 0x00, 0x00, 0x00, 0x00, 0x00, 0x00, 0x00,
    0x00, 0x00, 0x00, 0x14, 0xff, 0xd8, 0x00, 0x00, 0x00, 0x00, 0x00, 0x00, 0x00, 0x00, 0x00, 0x00,
    0x00, 0x00, 0x00, 0x14, 0xff, 0xd8, 0x00, 0x00, 0x00, 0x00, 0x00, 0x00, 0x00, 0x00, 0x00, 0x00,
    0x00, 0x00, 0x00, 0x14, 0xff, 0xd8, 0x00, 0x00, 0x00, 0x00, 0x00, 0x00, 0x00, 0x00, 0x00, 0x00,
    0x00, 0x00, 0x00, 0x14, 0xff, 0xd8, 0x00, 0x00, 0x00, 0x00, 0x00, 0x00, 0x00, 0x00, 0x00, 0x00,
    0x00, 0x00, 0x00, 0x14, 0xff, 0xd8, 0x00, 0x00, 0x00, 0x00, 0x00, 0x00, 0x00, 0x00, 0x00, 0x00,
    0x00, 0x00, 0x00, 0x14, 0xff, 0xd8, 0x00, 0x00, 0x00, 0x00, 0x00, 0x00, 0x00, 0x00, 0x00, 0x00,
    0x00, 0x00, 0x00, 0x17, 0xff, 0xd5, 0x00, 0x00, 0x00, 0x00, 0x00, 0x00, 0x00, 0x00, 0x00, 0x00,
    0x06, 0x00, 0x00, 0x4f, 0xff, 0xb6, 0x00, 0x00, 0x00, 0x00, 0x00, 0x00, 0x00, 0x00, 0x00, 0x00,
    0x7f, 0xcc, 0xb0, 0xf5, 0xff, 0x51, 0x00, 0x00, 0x00, 0x00, 0x00, 0x00, 0x00, 0x00, 0x00, 0x00,
    0x77, 0xe5, 0xfc, 0xdd, 0x65, 0x00, 0x00, 0x00, 0x00, 0x00, 0x00, 0x00, 0x00, 0x00, 0x00, 0x00,

    /* U+006B "k" */
    0x30, 0xff, 0xbc, 0x00, 0x00, 0x00, 0x00, 0x00, 0x00, 0x00, 0x00, 0x00, 0x00, 0x00, 0x00, 0x00,
    0x30, 0xff, 0xbc, 0x00, 0x00, 0x00, 0x00, 0x00, 0x00, 0x00, 0x00, 0x00, 0x00, 0x00, 0x00, 0x00,
    0x30, 0xff, 0xbc, 0x00, 0x00, 0x00, 0x00, 0x00, 0x00, 0x00, 0x00, 0x00, 0x00, 0x00, 0x00, 0x00,
    0x30, 0xff, 0xbc, 0x00, 0x00, 0x00, 0x00, 0x00, 0x00, 0x00, 0x00, 0x00, 0x00, 0x00, 0x00, 0x00,
    0x30, 0xff, 0xbc, 0x00, 0x00, 0x00, 0x00, 0x23, 0xdf, 0xfd, 0x5b, 0x00, 0x00, 0x00, 0x00, 0x00,
    0x30, 0xff, 0xbc, 0x00, 0x00, 0x00, 0x2a, 0xe5, 0xfe, 0x62, 0x00, 0x00, 0x00, 0x00, 0x00, 0x00,
    0x30, 0xff, 0xbc, 0x00, 0x00, 0x32, 0xeb, 0xff, 0x63, 0x00, 0x00, 0x00, 0x00, 0x00, 0x00, 0x00,
    0x30, 0xff, 0xbc, 0x00, 0x39, 0xf0, 0xff, 0x69, 0x00, 0x00, 0x00, 0x00, 0x00, 0x00, 0x00, 0x00,
    0x30, 0xff, 0xbc, 0x43, 0xf5, 0xff, 0x9d, 0x00, 0x00, 0x00, 0x00, 0x00, 0x00, 0x00, 0x00, 0x00,
    0x30, 0xff, 0xe7, 0xf8, 0xfe, 0xff, 0xf3, 0x27, 0x00, 0x00, 0x00, 0x00, 0x00, 0x00, 0x00, 0x00,
    0x30, 0xff, 0xff, 0xf9, 0x4d, 0x92, 0xff, 0xd3, 0x09, 0x00, 0x00, 0x00, 0x00, 0x00, 0x00, 0x00,
    0x30, 0xff, 0xf7, 0x47, 0x00, 0x05, 0xc6, 0xff, 0xa0, 0x00, 0x00, 0x00, 0x00, 0x00, 0x00, 0x00,
    0x30, 0xff, 0xbd, 0x00, 0x00, 0x00, 0x1b, 0xea, 0xff, 0x62, 0x00, 0x00, 0x00, 0x00, 0x00, 0x00,
    0x30, 0xff, 0xbc, 0x00, 0x00, 0x00, 0x00, 0x41, 0xfc, 0xf7, 0x2d, 0x00, 0x00, 0x00, 0x00, 0x00,
    0x30, 0xff, 0xbc, 0x00, 0x00, 0x00, 0x00, 0x00, 0x78, 0xff, 0xd9, 0x0d, 0x00, 0x00, 0x00, 0x00,

    /* U+006C "l" */
    0x30, 0xff, 0xbc, 0x00, 0x00, 0x00, 0x00, 0x00, 0x00, 0x00, 0x00, 0x00, 0x00, 0x00, 0x00, 0x00,
    0x30, 0xff, 0xbc, 0x00, 0x00, 0x00, 0x00, 0x00, 0x00, 0x00, 0x00, 0x00, 0x00, 0x00, 0x00, 0x00,
    0x30, 0xff, 0xbc, 0x00, 0x00, 0x00, 0x00, 0x00, 0x00, 0x00, 0x00, 0x00, 0x00, 0x00, 0x00, 0x00,
    0x30, 0xff, 0xbc, 0x00, 0x00, 0x00, 0x00, 0x00, 0x00, 0x00, 0x00, 0x00, 0x00, 0x00, 0x00, 0x00,
    0x30, 0xff, 0xbc, 0x00, 0x00, 0x00, 0x00, 0x00, 0x00, 0x00, 0x00, 0x00, 0x00, 0x00, 0x00, 0x00,
    0x30, 0xff, 0xbc, 0x00, 0x00, 0x00, 0x00, 0x00, 0x00, 0x00, 0x00, 0x00, 0x00, 0x00, 0x00, 0x00,
    0x30, 0xff, 0xbc, 0x00, 0x00, 0x00, 0x00, 0x00, 0x00, 0x00, 0x00, 0x00, 0x00, 0x00, 0x00, 0x00,
    0x30, 0xff, 0xbc, 0x00, 0x00, 0x00, 0x00, 0x00, 0x00, 0x00, 0x00, 0x00, 0x00, 0x00, 0x00, 0x00,
    0x30, 0xff, 0xbc, 0x00, 0x00, 0x00, 0x00, 0x00, 0x00, 0x00, 0x00, 0x00, 0x00, 0x00, 0x00, 0x00,
    0x30, 0xff, 0xbc, 0x00, 0x00, 0x00, 0x00, 0x00, 0x00, 0x00, 0x00, 0x00, 0x00, 0x00, 0x00, 0x00,
    0x30, 0xff, 0xbc, 0x00, 0x00, 0x00, 0x00, 0x00, 0x00, 0x00, 0x00, 0x00, 0x00, 0x00, 0x00, 0x00,
    0x30, 0xff, 0xbc, 0x00, 0x00, 0x00, 0x00, 0x00, 0x00, 0x00, 0x00, 0x00, 0x00, 0x00, 0x00, 0x00,
    0x30, 0xff, 0xbc, 0x00, 0x00, 0x00, 0x00, 0x00, 0x00, 0x00, 0x00, 0x00, 0x00, 0x00, 0x00, 0x00,
    0x30, 0xff, 0xbc, 0x00, 0x00, 0x00, 0x00, 0x00, 0x00, 0x00, 0x00, 0x00, 0x00, 0x00, 0x00, 0x00,
    0x30, 0xff, 0xbc, 0x00, 0x00, 0x00, 0x00, 0x00, 0x00, 0x00, 0x00, 0x00, 0x00, 0x00, 0x00, 0x00,

    /* U+006D "m" */
    0x30, 0xff, 0xa8, 0x2f, 0xae, 0xee, 0xfc, 0xdb, 0x7e, 0x06, 0x01, 0x5e, 0xc7, 0xf5, 0xf9, 0xcc, 0x5d, 0x00, 0x00, 0x00, 0x00, 0x00, 0x00, 0x00, 0x00, 0x00, 0x00, 0x00, 0x00, 0x00, 0x00, 0x00,
    0x30, 0xff, 0xd9, 0xf7, 0xee, 0xb1, 0xb9, 0xf8, 0xff, 0xb1, 0xa1, 0xff, 0xe3, 0xaf, 0xc2, 0xfe, 0xff, 0x77, 0x00, 0x00, 0x00, 0x00, 0x00, 0x00, 0x00, 0x00, 0x00, 0x00, 0x00, 0x00, 0x00, 0x00,
    0x30, 0xff, 0xff, 0xb8, 0x0d, 0x00, 0x00, 0x27, 0xee, 0xff, 0xff, 0x93, 0x04, 0x00, 0x00, 0x43, 0xfc, 0xf8, 0x12, 0x00, 0x00, 0x00, 0x00, 0x00, 0x00, 0x00, 0x00, 0x00, 0x00, 0x00, 0x00, 0x00,
    0x30, 0xff, 0xfb, 0x18, 0x00, 0x00, 0x00, 0x00, 0x89, 0xff, 0xe3, 0x05, 0x00, 0x00, 0x00, 0x00, 0xb3, 0xff, 0x50, 0x00, 0x00, 0x00, 0x00, 0x00, 0x00, 0x00, 0x00, 0x00, 0x00, 0x00, 0x00, 0x00,
    0x30, 0xff, 0xcd, 0x00, 0x00, 0x00, 0x00, 0x00, 0x5e, 0xff, 0xa5, 0x00, 0x00, 0x00, 0x00, 0x00, 0x86, 0xff, 0x69, 0x00, 0x00, 0x00, 0x00, 0x00, 0x00, 0x00, 0x00, 0x00, 0x00, 0x00, 0x00, 0x00,
    0x30, 0xff, 0xbd, 0x00, 0x00, 0x00, 0x00, 0x00, 0x58, 0xff, 0x95, 0x00, 0x00, 0x00, 0x00, 0x00, 0x80, 0xff, 0x6c, 0x00, 0x00, 0x00, 0x00, 0x00, 0x00, 0x00, 0x00, 0x00, 0x00, 0x00, 0x00, 0x00,
    0x30, 0xff, 0xbc, 0x00, 0x00, 0x00, 0x00, 0x00, 0x58, 0xff, 0x94, 0x00, 0x00, 0x00, 0x00, 0x00, 0x80, 0xff, 0x6c, 0x00, 0x00, 0x00, 0x00, 0x00, 0x00, 0x00, 0x00, 0x00, 0x00, 0x00, 0x00, 0x00,
    0x30, 0xff, 0xbc, 0x00, 0x00, 0x00, 0x00, 0x00, 0x58, 0xff, 0x94, 0x00, 0x00, 0x00, 0x00, 0x00, 0x80, 0xff, 0x6c, 0x00, 0x00, 0x00, 0x00, 0x00, 0x00, 0x00, 0x00, 0x00, 0x00, 0x00, 0x00, 0x00,
    0x30, 0xff, 0xbc, 0x00, 0x00, 0x00, 0x00, 0x00, 0x58, 0xff, 0x94, 0x00, 0x00, 0x00, 0x00, 0x00, 0x80, 0xff, 0x6c, 0x00, 0x00, 0x00, 0x00, 0x00, 0x00, 0x00, 0x00, 0x00, 0x00, 0x00, 0x00, 0x00,
    0x30, 0xff, 0xbc, 0x00, 0x00, 0x00, 0x00, 0x00, 0x58, 0xff, 0x94, 0x00, 0x00, 0x00, 0x00, 0x00, 0x80, 0xff, 0x6c, 0x00, 0x00, 0x00, 0x00, 0x00, 0x00, 0x00, 0x00, 0x00, 0x00, 0x00, 0x00, 0x00,
    0x30, 0xff, 0xbc, 0x00, 0x00, 0x00, 0x00, 0x00, 0x58, 0xff, 0x94, 0x00, 0x00, 0x00, 0x00, 0x00, 0x80, 0xff, 0x6c, 0x00, 0x00, 0x00, 0x00, 0x00, 0x00, 0x00, 0x00, 0x00, 0x00, 0x00, 0x00, 0x00,

    /* U+006E "n" */
    0x30, 0xff, 0xa8, 0x2b, 0xa6, 0xe9, 0xfe, 0xe7, 0x98, 0x16, 0x00, 0x00, 0x00, 0x00, 0x00, 0x00,
    0x30, 0xff, 0xd8, 0xf6, 0xf2, 0xb6, 0xb1, 0xee, 0xff, 0xdb, 0x0f, 0x00, 0x00, 0x00, 0x00, 0x00,
    0x30, 0xff, 0xff, 0xbc, 0x10, 0x00, 0x00, 0x0e, 0xc7, 0xff, 0x7e, 0x00, 0x00, 0x00, 0x00, 0x00,
    0x30, 0xff, 0xfc, 0x1a, 0x00, 0x00, 0x00, 0x00, 0x42, 0xff, 0xc5, 0x00, 0x00, 0x00, 0x00, 0x00,
    0x30, 0xff, 0xcd, 0x00, 0x00, 0x00, 0x00, 0x00, 0x12, 0xff, 0xdd, 0x00, 0x00, 0x00, 0x00, 0x00,
    0x30, 0xff, 0xbd, 0x00, 0x00, 0x00, 0x00, 0x00, 0x0c, 0xff, 0xe0, 0x00, 0x00, 0x00, 0x00, 0x00,
    0x30, 0xff, 0xbc, 0x00, 0x00, 0x00, 0x00, 0x00, 0x0c, 0xff, 0xe0, 0x00, 0x00, 0x00, 0x00, 0x00,
    0x30, 0xff, 0xbc, 0x00, 0x00, 0x00, 0x00, 0x00, 0x0c, 0xff, 0xe0, 0x00, 0x00, 0x00, 0x00, 0x00,
    0x30, 0xff, 0xbc, 0x00, 0x00, 0x00, 0x00, 0x00, 0x0c, 0xff, 0xe0, 0x00, 0x00, 0x00, 0x00, 0x00,
    0x30, 0xff, 0xbc, 0x00, 0x00, 0x00, 0x00, 0x00, 0x0c, 0xff, 0xe0, 0x00, 0x00, 0x00, 0x00, 0x00,
    0x30, 0xff, 0xbc, 0x00, 0x00, 0x00, 0x00, 0x00, 0x0c, 0xff, 0xe0, 0x00, 0x00, 0x00, 0x00, 0x00,

    /* U+006F "o" */
    0x00, 0x00, 0x00, 0x44, 0xb5, 0xee, 0xfc, 0xe2, 0x9a, 0x22, 0x00, 0x00, 0x00, 0x00, 0x00, 0x00,
    0x00, 0x00, 0x83, 0xff, 0xff, 0xd8, 0xc0, 0xe9, 0xff, 0xf4, 0x45, 0x00, 0x00, 0x00, 0x00, 0x00,
    0x00, 0x55, 0xff, 0xea, 0x3f, 0x00, 0x00, 0x03, 0x6d, 0xfe, 0xf2, 0x1b, 0x00, 0x00, 0x00, 0x00,
    0x00, 0xd1, 0xff, 0x47, 0x00, 0x00, 0x00, 0x00, 0x00, 0x8d, 0xff, 0x87, 0x00, 0x00, 0x00, 0x00,
    0x12, 0xff, 0xe5, 0x00, 0x00, 0x00, 0x00, 0x00, 0x00, 0x31, 0xff, 0xc7, 0x00, 0x00, 0x00, 0x00,
    0x26, 0xff, 0xca, 0x00, 0x00, 0x00, 0x00, 0x00, 0x00, 0x17, 0xff, 0xd9, 0x00, 0x00, 0x00, 0x00,
    0x11, 0xff, 0xe7, 0x01, 0x00, 0x00, 0x00, 0x00, 0x00, 0x34, 0xff, 0xc5, 0x00, 0x00, 0x00, 0x00,
    0x00, 0xce, 0xff, 0x4a, 0x00, 0x00, 0x00, 0x00, 0x00, 0x93, 0xff, 0x84, 0x00, 0x00, 0x00, 0x00,
    0x00, 0x51, 0xff, 0xea, 0x3f, 0x00, 0x00, 0x03, 0x6d, 0xfe, 0xf0, 0x18, 0x00, 0x00, 0x00, 0x00,
    0x00, 0x00, 0x7f, 0xff, 0xff, 0xd8, 0xc0, 0xe9, 0xff, 0xf3, 0x42, 0x00, 0x00, 0x00, 0x00, 0x00,
    0x00, 0x00, 0x00, 0x41, 0xb5, 0xee, 0xfc, 0xe2, 0x99, 0x20, 0x00, 0x00, 0x00, 0x00, 0x00, 0x00,

    /* U+0070 "p" */
    0x30, 0xff, 0xa8, 0x1e, 0x9e, 0xe9, 0xfc, 0xe5, 0x9f, 0x24, 0x00, 0x00, 0x00, 0x00, 0x00, 0x00,
    0x30, 0xff, 0xcb, 0xea, 0xff, 0xd5, 0xc1, 0xec, 0xff, 0xf4, 0x43, 0x00, 0x00, 0x00, 0x00, 0x00,
    0x30, 0xff, 0xff, 0xe2, 0x35, 0x00, 0x00, 0x05, 0x7c, 0xff, 0xed, 0x14, 0x00, 0x00, 0x00, 0x00,
    0x30, 0xff, 0xff, 0x35, 0x00, 0x00, 0x00, 0x00, 0x00, 0xa2, 0xff, 0x79, 0x00, 0x00, 0x00, 0x00,
    0x30, 0xff, 0xd5, 0x00, 0x00, 0x00, 0x00, 0x00, 0x00, 0x41, 0xff, 0xb7, 0x00, 0x00, 0x00, 0x00,
    0x30, 0xff, 0xc0, 0x00, 0x00, 0x00, 0x00, 0x00, 0x00, 0x27, 0xff, 0xca, 0x00, 0x00, 0x00, 0x00,
    0x30, 0xff, 0xd8, 0x00, 0x00, 0x00, 0x00, 0x00, 0x00, 0x44, 0xff, 0xb6, 0x00, 0x00, 0x00, 0x00,
    0x30, 0xff, 0xff, 0x38, 0x00, 0x00, 0x00, 0x00, 0x00, 0xa4, 0xff, 0x79, 0x00, 0x00, 0x00, 0x00,
    0x30, 0xff, 0xff, 0xe2, 0x35, 0x00, 0x00, 0x05, 0x7d, 0xff, 0xed, 0x14, 0x00, 0x00, 0x00, 0x00,
    0x30, 0xff, 0xd7, 0xe5, 0xff, 0xd5, 0xc1, 0xec, 0xff, 0xf4, 0x43, 0x00, 0x00, 0x00, 0x00, 0x00,
    0x30, 0xff, 0xbc, 0x18, 0x98, 0xe8, 0xfc, 0xe5, 0x9f, 0x24, 0x00, 0x00, 0x00, 0x00, 0x00, 0x00,
    0x30, 0xff, 0xbc, 0x00, 0x00, 0x00, 0x00, 0x00, 0x00, 0x00, 0x00, 0x00, 0x00, 0x00, 0x00, 0x00,
    0x30, 0xff, 0xbc, 0x00, 0x00, 0x00, 0x00, 0x00, 0x00, 0x00, 0x00, 0x00, 0x00, 0x00, 0x00, 0x00,
    0x30, 0xff, 0xbc, 0x00, 0x00, 0x00, 0x00, 0x00, 0x00, 0x00, 0x00, 0x00, 0x00, 0x00, 0x00, 0x00,
    0x30, 0xff, 0xbc, 0x00, 0x00, 0x00, 0x00, 0x00, 0x00, 0x00, 0x00, 0x00, 0x00, 0x00, 0x00, 0x00,

    /* U+0071 "q" */
    0x00, 0x00, 0x00, 0x50, 0xbd, 0xf2, 0xfa, 0xd5, 0x74, 0x09, 0xff, 0xd0, 0x00, 0x00, 0x00, 0x00,
    0x00, 0x00, 0x94, 0xff, 0xff, 0xd8, 0xc0, 0xe9, 0xff, 0xb7, 0xff, 0xd0, 0x00, 0x00, 0x00, 0x00,
    0x00, 0x5f, 0xff, 0xea, 0x3f, 0x00, 0x00, 0x03, 0x71, 0xfe, 0xff, 0xd0, 0x00, 0x00, 0x00, 0x00,
    0x00, 0xd5, 0xff, 0x47, 0x00, 0x00, 0x00, 0x00, 0x00, 0x93, 0xff, 0xd0, 0x00, 0x00, 0x00, 0x00,
    0x13, 0xff, 0xe5, 0x00, 0x00, 0x00, 0x00, 0x00, 0x00, 0x31, 0xff, 0xd0, 0x00, 0x00, 0x00, 0x00,
    0x26, 0xff, 0xca, 0x00, 0x00, 0x00, 0x00, 0x00, 0x00, 0x17, 0xff, 0xd0, 0x00, 0x00, 0x00, 0x00,
    0x13, 0xff, 0xe7, 0x01, 0x00, 0x00, 0x00, 0x00, 0x00, 0x34, 0xff, 0xd0, 0x00, 0x00, 0x00, 0x00,
    0x00, 0xd5, 0xff, 0x4a, 0x00, 0x00, 0x00, 0x00, 0x00, 0x94, 0xff, 0xd0, 0x00, 0x00, 0x00, 0x00,
    0x00, 0x5e, 0xff, 0xea, 0x3f, 0x00, 0x00, 0x03, 0x71, 0xfe, 0xff, 0xd0, 0x00, 0x00, 0x00, 0x00,
    0x00, 0x00, 0x94, 0xff, 0xff, 0xd8, 0xc0, 0xe9, 0xff, 0xbd, 0xff, 0xd0, 0x00, 0x00, 0x00, 0x00,
    0x00, 0x00, 0x00, 0x50, 0xbe, 0xf2, 0xfa, 0xd2, 0x6d, 0x1b, 0xff, 0xd0, 0x00, 0x00, 0x00, 0x00,
    0x00, 0x00, 0x00, 0x00, 0x00, 0x00, 0x00, 0x00, 0x00, 0x18, 0xff, 0xd0, 0x00, 0x00, 0x00, 0x00,
    0x00, 0x00, 0x00, 0x00, 0x00, 0x00, 0x00, 0x00, 0x00, 0x18, 0xff, 0xd0, 0x00, 0x00, 0x00, 0x00,
    0x00, 0x00, 0x00, 0x00, 0x00, 0x00, 0x00, 0x00, 0x00, 0x18, 0xff, 0xd0, 0x00, 0x00, 0x00, 0x00,
    0x00, 0x00, 0x00, 0x00, 0x00, 0x00, 0x00, 0x00, 0x00, 0x18, 0xff, 0xd0, 0x00, 0x00, 0x00, 0x00,

    /* U+0072 "r" */
    0x30, 0xff, 0xa8, 0x26, 0xa6, 0xea, 0x83, 0x00, 0x00, 0x00, 0x00, 0x00, 0x00, 0x00, 0x00, 0x00,
    0x30, 0xff, 0xca, 0xef, 0xff, 0xdf, 0x6b, 0x00, 0x00, 0x00, 0x00, 0x00, 0x00, 0x00, 0x00, 0x00,
    0x30, 0xff, 0xff, 0xd8, 0x2c, 0x00, 0x00, 0x00, 0x00, 0x00, 0x00, 0x00, 0x00, 0x00, 0x00, 0x00,
    0x30, 0xff, 0xff, 0x2c, 0x00, 0x00, 0x00, 0x00, 0x00, 0x00, 0x00, 0x00, 0x00, 0x00, 0x00, 0x00,
    0x30, 0xff, 0xd7, 0x00, 0x00, 0x00, 0x00, 0x00, 0x00, 0x00, 0x00, 0x00, 0x00, 0x00, 0x00, 0x00,
    0x30, 0xff, 0xbf, 0x00, 0x00, 0x00, 0x00, 0x00, 0x00, 0x00, 0x00, 0x00, 0x00, 0x00, 0x00, 0x00,
    0x30, 0xff, 0xbc, 0x00, 0x00, 0x00, 0x00, 0x00, 0x00, 0x00, 0x00, 0x00, 0x00, 0x00, 0x00, 0x00,
    0x30, 0xff, 0xbc, 0x00, 0x00, 0x00, 0x00, 0x00, 0x00, 0x00, 0x00, 0x00, 0x00, 0x00, 0x00, 0x00,
    0x30, 0xff, 0xbc, 0x00, 0x00, 0x00, 0x00, 0x00, 0x00, 0x00, 0x00, 0x00, 0x00, 0x00, 0x00, 0x00,
    0x30, 0xff, 0xbc, 0x00, 0x00, 0x00, 0x00, 0x00, 0x00, 0x00, 0x00, 0x00, 0x00, 0x00, 0x00, 0x00,
    0x30, 0xff, 0xbc, 0x00, 0x00, 0x00, 0x00, 0x00, 0x00, 0x00, 0x00, 0x00, 0x00, 0x00, 0x00, 0x00,

    /* U+0073 "s" */
    0x00, 0x02, 0x66, 0xca, 0xf5, 0xfd, 0xe7, 0xb3, 0x57, 0x01, 0x00, 0x00, 0x00, 0x00, 0x00, 0x00,
    0x00, 0x96, 0xff, 0xf4, 0xbe, 0xb6, 0xd4, 0xfe, 0xd0, 0x02, 0x00, 0x00, 0x00, 0x00, 0x00, 0x00,
    0x16, 0xfe, 0xe7, 0x18, 0x00, 0x00, 0x00, 0x22, 0x33, 0x00, 0x00, 0x00, 0x00, 0x00, 0x00, 0x00,
    0x2b, 0xff, 0xcf, 0x01, 0x00, 0x00, 0x00, 0x00, 0x00, 0x00, 0x00, 0x00, 0x00, 0x00, 0x00, 0x00,
    0x05, 0xe1, 0xff, 0xc3, 0x6d, 0x3e, 0x0e, 0x00, 0x00, 0x00, 0x00, 0x00, 0x00, 0x00, 0x00, 0x00,
    0x00, 0x29, 0xbe, 0xfe, 0xff, 0xff, 0xfd, 0xbe, 0x3f, 0x00, 0x00, 0x00, 0x00, 0x00, 0x00, 0x00,
    0x00, 0x00, 0x00, 0x14, 0x49, 0x76, 0xb9, 0xff, 0xf9, 0x27, 0x00, 0x00, 0x00, 0x00, 0x00, 0x00,
    0x00, 0x00, 0x00, 0x00, 0x00, 0x00, 0x00, 0x96, 0xff, 0x69, 0x00, 0x00, 0x00, 0x00, 0x00, 0x00,
    0x05, 0x93, 0x31, 0x00, 0x00, 0x00, 0x04, 0xb7, 0xff, 0x56, 0x00, 0x00, 0x00, 0x00, 0x00, 0x00,
    0x53, 0xff, 0xff, 0xe1, 0xbb, 0xbb, 0xe6, 0xff, 0xcf, 0x08, 0x00, 0x00, 0x00, 0x00, 0x00, 0x00,
    0x01, 0x51, 0xad, 0xe4, 0xfd, 0xf8, 0xd4, 0x83, 0x0e, 0x00, 0x00, 0x00, 0x00, 0x00, 0x00, 0x00,

    /* U+0074 "t" */
    0x00, 0x00, 0x74, 0x80, 0x02, 0x00, 0x00, 0x00, 0x00, 0x00, 0x00, 0x00, 0x00, 0x00, 0x00, 0x00,
    0x00, 0x00, 0xe8, 0xff, 0x04, 0x00, 0x00, 0x00, 0x00, 0x00, 0x00, 0x00, 0x00, 0x00, 0x00, 0x00,
    0x00, 0x00, 0xe8, 0xff, 0x04, 0x00, 0x00, 0x00, 0x00, 0x00, 0x00, 0x00, 0x00, 0x00, 0x00, 0x00,
    0xb4, 0xff, 0xff, 0xff, 0xff, 0xff, 0xff, 0x10, 0x00, 0x00, 0x00, 0x00, 0x00, 0x00, 0x00, 0x00,
    0x71, 0xa0, 0xfa, 0xff, 0xa2, 0xa0, 0xa0, 0x0a, 0x00, 0x00, 0x00, 0x00, 0x00, 0x00, 0x00, 0x00,
    0x00, 0x00, 0xe8, 0xff, 0x04, 0x00, 0x00, 0x00, 0x00, 0x00, 0x00, 0x00, 0x00, 0x00, 0x00, 0x00,
    0x00, 0x00, 0xe8, 0xff, 0x04, 0x00, 0x00, 0x00, 0x00, 0x00, 0x00, 0x00, 0x00, 0x00, 0x00, 0x00,
    0x00, 0x00, 0xe8, 0xff, 0x04, 0x00, 0x00, 0x00, 0x00, 0x00, 0x00, 0x00, 0x00, 0x00, 0x00, 0x00,
    0x00, 0x00, 0xe8, 0xff, 0x04, 0x00, 0x00, 0x00, 0x00, 0x00, 0x00, 0x00, 0x00, 0x00, 0x00, 0x00,
    0x00, 0x00, 0xe8, 0xff, 0x04, 0x00, 0x00, 0x00, 0x00, 0x00, 0x00, 0x00, 0x00, 0x00, 0x00, 0x00,
    0x00, 0x00, 0xe7, 0xff, 0x07, 0x00, 0x00, 0x00, 0x00, 0x00, 0x00, 0x00, 0x00, 0x00, 0x00, 0x00,
    0x00, 0x00, 0xce, 0xff, 0x40, 0x00, 0x01, 0x08, 0x00, 0x00, 0x00, 0x00, 0x00, 0x00, 0x00, 0x00,
    0x00, 0x00, 0x72, 0xff, 0xf4, 0xb3, 0xd3, 0x79, 0x00, 0x00, 0x00, 0x00, 0x00, 0x00, 0x00, 0x00,
    0x00, 0x00, 0x02, 0x7c, 0xe2, 0xfb, 0xdc, 0x60, 0x00, 0x00, 0x00, 0x00, 0x00, 0x00, 0x00, 0x00,

    /* U+0075 "u" */
    0x48, 0xff, 0xa4, 0x00, 0x00, 0x00, 0x00, 0x00, 0x38, 0xff, 0xb4, 0x00, 0x00, 0x00, 0x00, 0x00,
    0x48, 0xff, 0xa4, 0x00, 0x00, 0x00, 0x00, 0x00, 0x38, 0xff, 0xb4, 0x00, 0x00, 0x00, 0x00, 0x00,
    0x48, 0xff, 0xa4, 0x00, 0x00, 0x00, 0x00, 0x00, 0x38, 0xff, 0xb4, 0x00, 0x00, 0x00, 0x00, 0x00,
    0x48, 0xff, 0xa4, 0x00, 0x00, 0x00, 0x00, 0x00, 0x38, 0xff, 0xb4, 0x00, 0x00, 0x00, 0x00, 0x00,
    0x48, 0xff, 0xa4, 0x00, 0x00, 0x00, 0x00, 0x00, 0x38, 0xff, 0xb4, 0x00, 0x00, 0x00, 0x00, 0x00,
    0x48, 0xff, 0xa4, 0x00, 0x00, 0x00, 0x00, 0x00, 0x39, 0xff, 0xb4, 0x00, 0x00, 0x00, 0x00, 0x00,
    0x45, 0xff, 0xab, 0x00, 0x00, 0x00, 0x00, 0x00, 0x4e, 0xff, 0xb4, 0x00, 0x00, 0x00, 0x00, 0x00,
    0x2b, 0xff, 0xdf, 0x02, 0x00, 0x00, 0x00, 0x00, 0x9a, 0xff, 0xb4, 0x00, 0x00, 0x00, 0x00, 0x00,
    0x02, 0xe1, 0xff, 0x86, 0x03, 0x00, 0x01, 0x64, 0xfd, 0xff, 0xb4, 0x00, 0x00, 0x00, 0x00, 0x00,
    0x00, 0x4f, 0xfd, 0xff, 0xe9, 0xc8, 0xe7, 0xff, 0xc4, 0xff, 0xb4, 0x00, 0x00, 0x00, 0x00, 0x00,
    0x00, 0x00, 0x3f, 0xb7, 0xf2, 0xfd, 0xd6, 0x73, 0x24, 0xff, 0xb4, 0x00, 0x00, 0x00, 0x00, 0x00,

    /* U+0076 "v" */
    0x01, 0xd5, 0xff, 0x2a, 0x00, 0x00, 0x00, 0x00, 0x00, 0x04, 0xe3, 0xf1, 0x0d, 0x00, 0x00, 0x00,
    0x00, 0x6a, 0xff, 0x93, 0x00, 0x00, 0x00, 0x00, 0x00, 0x51, 0xff, 0x91, 0x00, 0x00, 0x00, 0x00,
    0x00, 0x0d, 0xf1, 0xf1, 0x0c, 0x00, 0x00, 0x00, 0x00, 0xbd, 0xff, 0x28, 0x00, 0x00, 0x00, 0x00,
    0x00, 0x00, 0x92, 0xff, 0x68, 0x00, 0x00, 0x00, 0x2a, 0xff, 0xba, 0x00, 0x00, 0x00, 0x00, 0x00,
    0x00, 0x00, 0x28, 0xff, 0xd1, 0x00, 0x00, 0x00, 0x96, 0xff, 0x4e, 0x00, 0x00, 0x00, 0x00, 0x00,
    0x00, 0x00, 0x00, 0xba, 0xff, 0x3c, 0x00, 0x0e, 0xf3, 0xdf, 0x03, 0x00, 0x00, 0x00, 0x00, 0x00,
    0x00, 0x00, 0x00, 0x4e, 0xff, 0xa6, 0x00, 0x6c, 0xff, 0x76, 0x00, 0x00, 0x00, 0x00, 0x00, 0x00,
    0x00, 0x00, 0x00, 0x03, 0xdf, 0xf9, 0x17, 0xd7, 0xf7, 0x13, 0x00, 0x00, 0x00, 0x00, 0x00, 0x00,
    0x00, 0x00, 0x00, 0x00, 0x76, 0xff, 0xba, 0xff, 0x9e, 0x00, 0x00, 0x00, 0x00, 0x00, 0x00, 0x00,
    0x00, 0x00, 0x00, 0x00, 0x13, 0xf7, 0xff, 0xff, 0x32, 0x00, 0x00, 0x00, 0x00, 0x00, 0x00, 0x00,
    0x00, 0x00, 0x00, 0x00, 0x00, 0x9e, 0xff, 0xc6, 0x00, 0x00, 0x00, 0x00, 0x00, 0x00, 0x00, 0x00,

    /* U+0077 "w" */
    0xb2, 0xff, 0x1e, 0x00, 0x00, 0x00, 0x00, 0x08, 0xf0, 0xf7, 0x0e, 0x00, 0x00, 0x00, 0x00, 0x11, 0xf9, 0xae, 0x00, 0x00, 0x00, 0x00, 0x00, 0x00, 0x00, 0x00, 0x00, 0x00, 0x00, 0x00, 0x00, 0x00,
    0x57, 0xff, 0x77, 0x00, 0x00, 0x00, 0x00, 0x54, 0xff, 0xff, 0x61, 0x00, 0x00, 0x00, 0x00, 0x66, 0xff, 0x52, 0x00, 0x00, 0x00, 0x00, 0x00, 0x00, 0x00, 0x00, 0x00, 0x00, 0x00, 0x00, 0x00, 0x00,
    0x09, 0xf2, 0xd2, 0x00, 0x00, 0x00, 0x00, 0xb2, 0xfb, 0xfb, 0xbd, 0x00, 0x00, 0x00, 0x00, 0xc2, 0xef, 0x07, 0x00, 0x00, 0x00, 0x00, 0x00, 0x00, 0x00, 0x00, 0x00, 0x00, 0x00, 0x00, 0x00, 0x00,
    0x00, 0x9f, 0xff, 0x2b, 0x00, 0x00, 0x15, 0xfb, 0xb0, 0xb2, 0xfe, 0x1b, 0x00, 0x00, 0x1f, 0xff, 0x9a, 0x00, 0x00, 0x00, 0x00, 0x00, 0x00, 0x00, 0x00, 0x00, 0x00, 0x00, 0x00, 0x00, 0x00, 0x00,
    0x00, 0x44, 0xff, 0x85, 0x00, 0x00, 0x6d, 0xff, 0x51, 0x54, 0xff, 0x74, 0x00, 0x00, 0x7b, 0xff, 0x3e, 0x00, 0x00, 0x00, 0x00, 0x00, 0x00, 0x00, 0x00, 0x00, 0x00, 0x00, 0x00, 0x00, 0x00, 0x00,
    0x00, 0x03, 0xe6, 0xde, 0x01, 0x00, 0xcc, 0xed, 0x07, 0x07, 0xef, 0xd0, 0x00, 0x00, 0xd6, 0xe1, 0x01, 0x00, 0x00, 0x00, 0x00, 0x00, 0x00, 0x00, 0x00, 0x00, 0x00, 0x00, 0x00, 0x00, 0x00, 0x00,
    0x00, 0x00, 0x8d, 0xff, 0x39, 0x29, 0xff, 0x94, 0x00, 0x00, 0x98, 0xff, 0x2b, 0x32, 0xff, 0x85, 0x00, 0x00, 0x00, 0x00, 0x00, 0x00, 0x00, 0x00, 0x00, 0x00, 0x00, 0x00, 0x00, 0x00, 0x00, 0x00,
    0x00, 0x00, 0x31, 0xff, 0x93, 0x86, 0xff, 0x34, 0x00, 0x00, 0x3a, 0xff, 0x87, 0x8e, 0xff, 0x2a, 0x00, 0x00, 0x00, 0x00, 0x00, 0x00, 0x00, 0x00, 0x00, 0x00, 0x00, 0x00, 0x00, 0x00, 0x00, 0x00,
    0x00, 0x00, 0x00, 0xd5, 0xe9, 0xe2, 0xd4, 0x00, 0x00, 0x00, 0x01, 0xdb, 0xe2, 0xe7, 0xce, 0x00, 0x00, 0x00, 0x00, 0x00, 0x00, 0x00, 0x00, 0x00, 0x00, 0x00, 0x00, 0x00, 0x00, 0x00, 0x00, 0x00,
    0x00, 0x00, 0x00, 0x7a, 0xff, 0xff, 0x78, 0x00, 0x00, 0x00, 0x00, 0x7d, 0xff, 0xff, 0x72, 0x00, 0x00, 0x00, 0x00, 0x00, 0x00, 0x00, 0x00, 0x00, 0x00, 0x00, 0x00, 0x00, 0x00, 0x00, 0x00, 0x00,
    0x00, 0x00, 0x00, 0x1f, 0xff, 0xfd, 0x1b, 0x00, 0x00, 0x00, 0x00, 0x21, 0xff, 0xfd, 0x19, 0x00, 0x00, 0x00, 0x00, 0x00, 0x00, 0x00, 0x00, 0x00, 0x00, 0x00, 0x00, 0x00, 0x00, 0x00, 0x00, 0x00,

    /* U+0078 "x" */
    0x2e, 0xf8, 0xe8, 0x16, 0x00, 0x00, 0x00, 0x0f, 0xdf, 0xf9, 0x33, 0x00, 0x00, 0x00, 0x00, 0x00,
    0x00, 0x6b, 0xff, 0xb6, 0x01, 0x00, 0x00, 0xa9, 0xff, 0x6e, 0x00, 0x00, 0x00, 0x00, 0x00, 0x00,
    0x00, 0x00, 0xac, 0xff, 0x74, 0x00, 0x63, 0xff, 0xaf, 0x01, 0x00, 0x00, 0x00, 0x00, 0x00, 0x00,
    0x00, 0x00, 0x11, 0xdf, 0xfa, 0x5f, 0xf5, 0xdf, 0x11, 0x00, 0x00, 0x00, 0x00, 0x00, 0x00, 0x00,
    0x00, 0x00, 0x00, 0x39, 0xfb, 0xff, 0xfb, 0x39, 0x00, 0x00, 0x00, 0x00, 0x00, 0x00, 0x00, 0x00,
    0x00, 0x00, 0x00, 0x00, 0xbf, 0xff, 0xc0, 0x00, 0x00, 0x00, 0x00, 0x00, 0x00, 0x00, 0x00, 0x00,
    0x00, 0x00, 0x00, 0x60, 0xff, 0xf7, 0xff, 0x64, 0x00, 0x00, 0x00, 0x00, 0x00, 0x00, 0x00, 0x00,
    0x00, 0x00, 0x29, 0xf5, 0xe7, 0x29, 0xe4, 0xf7, 0x2d, 0x00, 0x00, 0x00, 0x00, 0x00, 0x00, 0x00,
    0x00, 0x09, 0xd3, 0xfe, 0x43, 0x00, 0x41, 0xfd, 0xd8, 0x0c, 0x00, 0x00, 0x00, 0x00, 0x00, 0x00,
    0x00, 0x9b, 0xff, 0x84, 0x00, 0x00, 0x00, 0x83, 0xff, 0xa4, 0x00, 0x00, 0x00, 0x00, 0x00, 0x00,
    0x59, 0xff, 0xc5, 0x04, 0x00, 0x00, 0x00, 0x04, 0xc5, 0xff, 0x64, 0x00, 0x00, 0x00, 0x00, 0x00,

    /* U+0079 "y" */
    0x01, 0xd5, 0xff, 0x2b, 0x00, 0x00, 0x00, 0x00, 0x00, 0x04, 0xe3, 0xf1, 0x0d, 0x00, 0x00, 0x00,
    0x00, 0x67, 0xff, 0x97, 0x00, 0x00, 0x00, 0x00, 0x00, 0x51, 0xff, 0x8f, 0x00, 0x00, 0x00, 0x00,
    0x00, 0x0a, 0xef, 0xf5, 0x0f, 0x00, 0x00, 0x00, 0x00, 0xbd, 0xfe, 0x24, 0x00, 0x00, 0x00, 0x00,
    0x00, 0x00, 0x8a, 0xff, 0x71, 0x00, 0x00, 0x00, 0x29, 0xff, 0xb3, 0x00, 0x00, 0x00, 0x00, 0x00,
    0x00, 0x00, 0x1f, 0xfd, 0xdc, 0x02, 0x00, 0x00, 0x94, 0xff, 0x46, 0x00, 0x00, 0x00, 0x00, 0x00,
    0x00, 0x00, 0x00, 0xad, 0xff, 0x4b, 0x00, 0x0d, 0xf3, 0xd7, 0x01, 0x00, 0x00, 0x00, 0x00, 0x00,
    0x00, 0x00, 0x00, 0x3e, 0xff, 0xb8, 0x00, 0x6a, 0xff, 0x6a, 0x00, 0x00, 0x00, 0x00, 0x00, 0x00,
    0x00, 0x00, 0x00, 0x00, 0xd0, 0xfe, 0x26, 0xd6, 0xf1, 0x0c, 0x00, 0x00, 0x00, 0x00, 0x00, 0x00,
    0x00, 0x00, 0x00, 0x00, 0x62, 0xff, 0xcb, 0xff, 0x8e, 0x00, 0x00, 0x00, 0x00, 0x00, 0x00, 0x00,
    0x00, 0x00, 0x00, 0x00, 0x08, 0xeb, 0xff, 0xfe, 0x24, 0x00, 0x00, 0x00, 0x00, 0x00, 0x00, 0x00,
    0x00, 0x00, 0x00, 0x00, 0x00, 0x8f, 0xff, 0xb3, 0x00, 0x00, 0x00, 0x00, 0x00, 0x00, 0x00, 0x00,
    0x00, 0x00, 0x00, 0x00, 0x00, 0xa6, 0xff, 0x46, 0x00, 0x00, 0x00, 0x00, 0x00, 0x00, 0x00, 0x00,
    0x00, 0x37, 0x00, 0x00, 0x35, 0xfc, 0xd2, 0x01, 0x00, 0x00, 0x00, 0x00, 0x00, 0x00, 0x00, 0x00,
    0x2e, 0xfd, 0xd4, 0xb8, 0xf6, 0xfc, 0x3f, 0x00, 0x00, 0x00, 0x00, 0x00, 0x00, 0x00, 0x00, 0x00,
    0x11, 0x97, 0xec, 0xfc, 0xcf, 0x49, 0x00, 0x00, 0x00, 0x00, 0x00, 0x00, 0x00, 0x00, 0x00, 0x00,

    /* U+007A "z" */
    0x14, 0xff, 0xff, 0xff, 0xff, 0xff, 0xff, 0xff, 0xff, 0x84, 0x00, 0x00, 0x00, 0x00, 0x00, 0x00,
    0x0d, 0xa0, 0xa0, 0xa0, 0xa0, 0xa0, 0xa8, 0xff, 0xff, 0x53, 0x00, 0x00, 0x00, 0x00, 0x00, 0x00,
    0x00, 0x00, 0x00, 0x00, 0x00, 0x00, 0x9b, 0xff, 0x94, 0x00, 0x00, 0x00, 0x00, 0x00, 0x00, 0x00,
    0x00, 0x00, 0x00, 0x00, 0x00, 0x62, 0xff, 0xc8, 0x06, 0x00, 0x00, 0x00, 0x00, 0x00, 0x00, 0x00,
    0x00, 0x00, 0x00, 0x00, 0x31, 0xf7, 0xea, 0x1d, 0x00, 0x00, 0x00, 0x00, 0x00, 0x00, 0x00, 0x00,
    0x00, 0x00, 0x00, 0x11, 0xdd, 0xfd, 0x43, 0x00, 0x00, 0x00, 0x00, 0x00, 0x00, 0x00, 0x00, 0x00,
    0x00, 0x00, 0x01, 0xb4, 0xff, 0x7a, 0x00, 0x00, 0x00, 0x00, 0x00, 0x00, 0x00, 0x00, 0x00, 0x00,
    0x00, 0x00, 0x7b, 0xff, 0xb1, 0x01, 0x00, 0x00, 0x00, 0x00, 0x00, 0x00, 0x00, 0x00, 0x00, 0x00,
    0x00, 0x46, 0xfd, 0xdc, 0x10, 0x00, 0x00, 0x00, 0x00, 0x00, 0x00, 0x00, 0x00, 0x00, 0x00, 0x00,
    0x15, 0xeb, 0xff, 0xc5, 0xa0, 0xa0, 0xa0, 0xa0, 0xa0, 0x6e, 0x00, 0x00, 0x00, 0x00, 0x00, 0x00,
    0x34, 0xff, 0xff, 0xff, 0xff, 0xff, 0xff, 0xff, 0xff, 0xb0, 0x00, 0x00, 0x00, 0x00, 0x00, 0x00
};

/*---------------------
 *  GLYPH DESCRIPTION
 *--------------------*/

static const lv_font_fmt_txt_glyph_dsc_t glyph_dsc[] = {
    {.bitmap_index = 0, .adv_w = 0, .box_w = 0, .box_h = 0, .ofs_x = 0, .ofs_y = 0} /* id = 0 reserved */,
    {.bitmap_index = 0, .adv_w = 86, .box_w = 0, .box_h = 0, .ofs_x = 0, .ofs_y = 0},
    {.bitmap_index = 0, .adv_w = 213, .box_w = 13, .box_h = 14, .ofs_x = 0, .ofs_y = 0},
    {.bitmap_index = 224, .adv_w = 118, .box_w = 6, .box_h = 14, .ofs_x = 0, .ofs_y = 0},
    {.bitmap_index = 448, .adv_w = 184, .box_w = 11, .box_h = 14, .ofs_x = 0, .ofs_y = 0},
    {.bitmap_index = 672, .adv_w = 183, .box_w = 11, .box_h = 14, .ofs_x = 0, .ofs_y = 0},
    {.bitmap_index = 896, .adv_w = 214, .box_w = 14, .box_h = 14, .ofs_x = 0, .ofs_y = 0},
    {.bitmap_index = 1120, .adv_w = 184, .box_w = 11, .box_h = 14, .ofs_x = 0, .ofs_y = 0},
    {.bitmap_index = 1344, .adv_w = 197, .box_w = 12, .box_h = 14, .ofs_x = 0, .ofs_y = 0},
    {.bitmap_index = 1568, .adv_w = 191, .box_w = 12, .box_h = 14, .ofs_x = 0, .ofs_y = 0},
    {.bitmap_index = 1792, .adv_w = 206, .box_w = 12, .box_h = 14, .ofs_x = 0, .ofs_y = 0},
    {.bitmap_index = 2016, .adv_w = 197, .box_w = 12, .box_h = 14, .ofs_x = 0, .ofs_y = 0},
    {.bitmap_index = 2240, .adv_w = 234, .box_w = 16, .box_h = 14, .ofs_x = -1, .ofs_y = 0},
    {.bitmap_index = 2464, .adv_w = 242, .box_w = 13, .box_h = 14, .ofs_x = 2, .ofs_y = 0},
    {.bitmap_index = 2688, .adv_w = 228, .box_w = 14, .box_h = 14, .ofs_x = 0, .ofs_y = 0},
    {.bitmap_index = 2912, .adv_w = 264, .box_w = 14, .box_h = 14, .ofs_x = 2, .ofs_y = 0},
    {.bitmap_index = 3136, .adv_w = 214, .box_w = 11, .box_h = 14, .ofs_x = 2, .ofs_y = 0},
    {.bitmap_index = 3360, .adv_w = 203, .box_w = 10, .box_h = 14, .ofs_x = 2, .ofs_y = 0},
    {.bitmap_index = 3584, .adv_w = 247, .box_w = 14, .box_h = 14, .ofs_x = 0, .ofs_y = 0},
    {.bitmap_index = 3808, .adv_w = 260, .box_w = 13, .box_h = 14, .ofs_x = 2, .ofs_y = 0},
    {.bitmap_index = 4032, .adv_w = 99, .box_w = 3, .box_h = 14, .ofs_x = 2, .ofs_y = 0},
    {.bitmap_index = 4256, .adv_w = 164, .box_w = 10, .box_h = 14, .ofs_x = -1, .ofs_y = 0},
    {.bitmap_index = 4480, .adv_w = 230, .box_w = 13, .box_h = 14, .ofs_x = 2, .ofs_y = 0},
    {.bitmap_index = 4704, .adv_w = 190, .box_w = 10, .box_h = 14, .ofs_x = 2, .ofs_y = 0},
    {.bitmap_index = 4928, .adv_w = 306, .box_w = 15, .box_h = 14, .ofs_x = 2, .ofs_y = 0},
    {.bitmap_index = 5152, .adv_w = 260, .box_w = 13, .box_h = 14, .ofs_x = 2, .ofs_y = 0},
    {.bitmap_index = 5376, .adv_w = 269, .box_w = 16, .box_h = 14, .ofs_x = 0, .ofs_y = 0},
    {.bitmap_index = 5600, .adv_w = 231, .box_w = 12, .box_h = 14, .ofs_x = 2, .ofs_y = 0},
    {.bitmap_index = 5824, .adv_w = 269, .box_w = 17, .box_h = 17, .ofs_x = 0, .ofs_y = -3},
    {.bitmap_index = 6368, .adv_w = 233, .box_w = 12, .box_h = 14, .ofs_x = 2, .ofs_y = 0},
    {.bitmap_index = 6592, .adv_w = 199, .box_w = 12, .box_h = 14, .ofs_x = 0, .ofs_y = 0},
    {.bitmap_index = 6816, .adv_w = 188, .box_w = 12, .box_h = 14, .ofs_x = 0, .ofs_y = 0},
    {.bitmap_index = 7040, .adv_w = 253, .box_w = 13, .box_h = 14, .ofs_x = 1, .ofs_y = 0},
    {.bitmap_index = 7264, .adv_w = 228, .box_w = 16, .box_h = 14, .ofs_x = -1, .ofs_y = 0},
    {.bitmap_index = 7488, .adv_w = 360, .box_w = 22, .box_h = 14, .ofs_x = 0, .ofs_y = 0},
    {.bitmap_index = 7936, .adv_w = 215, .box_w = 14, .box_h = 14, .ofs_x = 0, .ofs_y = 0},
    {.bitmap_index = 8160, .adv_w = 207, .box_w = 15, .box_h = 14, .ofs_x = -1, .ofs_y = 0},
    {.bitmap_index = 8384, .adv_w = 210, .box_w = 13, .box_h = 14, .ofs_x = 0, .ofs_y = 0},
    {.bitmap_index = 8608, .adv_w = 191, .box_w = 10, .box_h = 11, .ofs_x = 1, .ofs_y = 0},
    {.bitmap_index = 8784, .adv_w = 218, .box_w = 12, .box_h = 15, .ofs_x = 1, .ofs_y = 0},
    {.bitmap_index = 9024, .adv_w = 183, .box_w = 11, .box_h = 11, .ofs_x = 0, .ofs_y = 0},
    {.bitmap_index = 9200, .adv_w = 218, .box_w = 12, .box_h = 15, .ofs_x = 0, .ofs_y = 0},
    {.bitmap_index = 9440, .adv_w = 196, .box_w = 12, .box_h = 11, .ofs_x = 0, .ofs_y = 0},
    {.bitmap_index = 9616, .adv_w = 113, .box_w = 8, .box_h = 15, .ofs_x = 0, .ofs_y = 0},
    {.bitmap_index = 9856, .adv_w = 221, .box_w = 12, .box_h = 15, .ofs_x = 0, .ofs_y = -4},
    {.bitmap_index = 10096, .adv_w = 218, .box_w = 11, .box_h = 15, .ofs_x = 1, .ofs_y = 0},
    {.bitmap_index = 10336, .adv_w = 89, .box_w = 4, .box_h = 15, .ofs_x = 1, .ofs_y = 0},
    {.bitmap_index = 10576, .adv_w = 91, .box_w = 7, .box_h = 19, .ofs_x = -2, .ofs_y = -4},
    {.bitmap_index = 10880, .adv_w = 197, .box_w = 12, .box_h = 15, .ofs_x = 1, .ofs_y = 0},
    {.bitmap_index = 11120, .adv_w = 89, .box_w = 3, .box_h = 15, .ofs_x = 1, .ofs_y = 0},
    {.bitmap_index = 11360, .adv_w = 338, .box_w = 19, .box_h = 11, .ofs_x = 1, .ofs_y = 0},
    {.bitmap_index = 11712, .adv_w = 218, .box_w = 11, .box_h = 11, .ofs_x = 1, .ofs_y = 0},
    {.bitmap_index = 11888, .adv_w = 203, .box_w = 12, .box_h = 11, .ofs_x = 0, .ofs_y = 0},
    {.bitmap_index = 12064, .adv_w = 218, .box_w = 12, .box_h = 15, .ofs_x = 1, .ofs_y = -4},
    {.bitmap_index = 12304, .adv_w = 218, .box_w = 12, .box_h = 15, .ofs_x = 0, .ofs_y = -4},
    {.bitmap_index = 12544, .adv_w = 131, .box_w = 7, .box_h = 11, .ofs_x = 1, .ofs_y = 0},
    {.bitmap_index = 12720, .adv_w = 160, .box_w = 10, .box_h = 11, .ofs_x = 0, .ofs_y = 0},
    {.bitmap_index = 12896, .adv_w = 132, .box_w = 8, .box_h = 14, .ofs_x = 0, .ofs_y = 0},
    {.bitmap_index = 13120, .adv_w = 217, .box_w = 11, .box_h = 11, .ofs_x = 1, .ofs_y = 0},
    {.bitmap_index = 13296, .adv_w = 179, .box_w = 13, .box_h = 11, .ofs_x = -1, .ofs_y = 0},
    {.bitmap_index = 13472, .adv_w = 288, .box_w = 18, .box_h = 11, .ofs_x = 0, .ofs_y = 0},
    {.bitmap_index = 13824, .adv_w = 177, .box_w = 11, .box_h = 11, .ofs_x = 0, .ofs_y = 0},
    {.bitmap_index = 14000, .adv_w = 179, .box_w = 13, .box_h = 15, .ofs_x = -1, .ofs_y = -4},
    {.bitmap_index = 14240, .adv_w = 167, .box_w = 10, .box_h = 11, .ofs_x = 0, .ofs_y = 0}
};

/*---------------------
 *  CHARACTER MAPPING
 *--------------------*/



/*Collect the unicode lists and glyph_id offsets*/
static const lv_font_fmt_txt_cmap_t cmaps[] =
{
    {
        .range_start = 32, .range_length = 1, .glyph_id_start = 1,
        .unicode_list = NULL, .glyph_id_ofs_list = NULL, .list_length = 0, .type = LV_FONT_FMT_TXT_CMAP_FORMAT0_TINY
    },
    {
        .range_start = 48, .range_length = 10, .glyph_id_start = 2,
        .unicode_list = NULL, .glyph_id_ofs_list = NULL, .list_length = 0, .type = LV_FONT_FMT_TXT_CMAP_FORMAT0_TINY
    },
    {
        .range_start = 65, .range_length = 26, .glyph_id_start = 12,
        .unicode_list = NULL, .glyph_id_ofs_list = NULL, .list_length = 0, .type = LV_FONT_FMT_TXT_CMAP_FORMAT0_TINY
    },
    {
        .range_start = 97, .range_length = 26, .glyph_id_start = 38,
        .unicode_list = NULL, .glyph_id_ofs_list = NULL, .list_length = 0, .type = LV_FONT_FMT_TXT_CMAP_FORMAT0_TINY
    }
};



/*--------------------
 *  ALL CUSTOM DATA
 *--------------------*/

#if LVGL_VERSION_MAJOR == 8
/*Store all the custom data of the font*/
static  lv_font_fmt_txt_glyph_cache_t cache;
#endif

#if LVGL_VERSION_MAJOR >= 8
static const lv_font_fmt_txt_dsc_t font_dsc = {
#else
static lv_font_fmt_txt_dsc_t font_dsc = {
#endif
    .glyph_bitmap = glyph_bitmap,
    .glyph_dsc = glyph_dsc,
    .cmaps = cmaps,
    .kern_dsc = NULL,
    .kern_scale = 0,
    .cmap_num = 4,
    .bpp = 8,
    .kern_classes = 0,
    .bitmap_format = 0,
#if LVGL_VERSION_MAJOR == 8
    .cache = &cache
#endif
    .stride = 16
};

extern const lv_font_t lv_font_montserrat_14;


/*-----------------
 *  PUBLIC FONT
 *----------------*/

/*Initialize a public general font descriptor*/
#if LVGL_VERSION_MAJOR >= 8
const lv_font_t lv_font_montserratMedium_20 = {
#else
lv_font_t lv_font_montserratMedium_20 = {
#endif
    .get_glyph_dsc = lv_font_get_glyph_dsc_fmt_txt,    /*Function pointer to get glyph's data*/
    .get_glyph_bitmap = lv_font_get_bitmap_fmt_txt,    /*Function pointer to get glyph's bitmap*/
    .line_height = 24,          /*The maximum line height required by the font*/
    .base_line = 6,             /*Baseline measured from the bottom of the line*/
#if !(LVGL_VERSION_MAJOR == 6 && LVGL_VERSION_MINOR == 0)
    .subpx = LV_FONT_SUBPX_NONE,
#endif
#if LV_VERSION_CHECK(7, 4, 0) || LVGL_VERSION_MAJOR >= 8
    .underline_position = -2,
    .underline_thickness = 1,
#endif

#if LV_VERSION_CHECK(9, 3, 0)
    .static_bitmap = 1,    /*Bitmaps are stored as const so they are always static if not compressed */
#endif

    .dsc = &font_dsc,          /*The custom font data. Will be accessed by `get_glyph_bitmap/dsc` */
#if LV_VERSION_CHECK(8, 2, 0) || LVGL_VERSION_MAJOR >= 9
    .fallback = &lv_font_montserrat_14,
#endif
    .user_data = NULL,
};



#endif /*#if LV_FONT_MONTSERRATMEDIUM_20*/
